Local Body Code,Local Body Name,Local Body Type,"District Level
Parent Name
","Intermediate Level
Parent Name",Ward Code,"Ward
Number","Ward Name
(In English)
","Ward Name
(In Local)
",
216,EAST DISTRICT,District Panchayat,,,120568,1,Sumin Lingzey,Sumin Lingzey,
216,EAST DISTRICT,District Panchayat,,,122110,2,Central Pendam,Central Pendam,
216,EAST DISTRICT,District Panchayat,,,122111,3,East Pendam,East Pendam,
216,EAST DISTRICT,District Panchayat,,,122112,4,Chalamthang Pacheykhani,Chalamthang Pacheykhani,
216,EAST DISTRICT,District Panchayat,,,122113,5,Rhenock Tarpin,Rhenock Tarpin,
216,EAST DISTRICT,District Panchayat,,,122115,6,Aritar,Aritar,
216,EAST DISTRICT,District Panchayat,,,122118,7,Dolepchen Rongli Changeylakha,Dolepchen Rongli Changeylakha,
216,EAST DISTRICT,District Panchayat,,,122120,8,Regoh Premlakha,Regoh Premlakha,
216,EAST DISTRICT,District Panchayat,,,122122,9,Gnathang,Gnathang,
216,EAST DISTRICT,District Panchayat,,,122123,10,Lingtam Phadamchen,Lingtam Phadamchen,
216,EAST DISTRICT,District Panchayat,,,122124,11,Chujachen,Chujachen,
216,EAST DISTRICT,District Panchayat,,,122126,12,Chuchenpheri Lamaten,Chuchenpheri Lamaten,
216,EAST DISTRICT,District Panchayat,,,122129,13,Linkey Machong,Linkey Macong,
216,EAST DISTRICT,District Panchayat,,,122132,15,Biring Sudunglakha,Biring Sudunglakha,
216,EAST DISTRICT,District Panchayat,,,122135,16,Amba Taza,Amba Taza,
216,EAST DISTRICT,District Panchayat,,,122197,17,Namcheybong Aho,Namcheybong Aho,
216,EAST DISTRICT,District Panchayat,,,122199,18,Assam Lingzey,Assam Lingzey,
216,EAST DISTRICT,District Panchayat,,,122200,19,Bhusuk Nandok,Bhusuk Nandok,
216,EAST DISTRICT,District Panchayat,,,122201,20,Tathangchen Syari,Tathangchen Syari,
216,EAST DISTRICT,District Panchayat,,,122202,21,Luing Ranka,Luing Ranka,
216,EAST DISTRICT,District Panchayat,,,122203,22,Rey Rumtek,Rey Rumtek,
216,EAST DISTRICT,District Panchayat,,,122204,23,Samlik Namli,Samlik Namli,
216,EAST DISTRICT,District Panchayat,,,122205,24,Byeng Martam,Byeng Martam,
216,EAST DISTRICT,District Panchayat,,,122206,25,Sirwani Chisopani,Sirwani Chisopani,
216,EAST DISTRICT,District Panchayat,,,122207,26,Khamdong Dung Dung,Khamdong Dung Dung,
216,EAST DISTRICT,District Panchayat,,,122208,27,Simik Lingzey,Simik Lingzey,
216,EAST DISTRICT,District Panchayat,,,122209,28,Singel Tumin,Singel Tumin,
216,EAST DISTRICT,District Panchayat,,,122210,29,Samdong Rakdong,Samdong Rakdong,
216,EAST DISTRICT,District Panchayat,,,122211,14,Pakyong Pachey,Pakyong Pachey,
216,EAST DISTRICT,District Panchayat,,,122214,30,Kyongnosla,Kyongnosla,
217,NORTH DISTRICT,District Panchayat,,,122025,1,Kabi Tingda,Kabi Tingda,
217,NORTH DISTRICT,District Panchayat,,,122026,2,Phensang,Phensang,
217,NORTH DISTRICT,District Panchayat,,,122027,3,Men Rongong,Men Rongong,
217,NORTH DISTRICT,District Panchayat,,,122029,4,Rongong Tumlung,Rongong Tumlung,
217,NORTH DISTRICT,District Panchayat,,,122030,5,Navey Shotak,Navey Shotak,
217,NORTH DISTRICT,District Panchayat,,,122031,6,Lingdok Namphong,Lingdok Namphong,
217,NORTH DISTRICT,District Panchayat,,,122032,7,Ramthang Tangyek,Ramthang Tangyek,
217,NORTH DISTRICT,District Panchayat,,,122033,8,Namok Swayem,Namok Swayem,
217,NORTH DISTRICT,District Panchayat,,,122034,9,Mangshila Tibuk,Mangshila Tibuk,
217,NORTH DISTRICT,District Panchayat,,,122035,10,Tingchem Chadey,Tingchem Chadey,
217,NORTH DISTRICT,District Panchayat,,,122036,11,Ringhim Nampatam,Ringhim Nampatam,
217,NORTH DISTRICT,District Panchayat,,,122037,12,Singhik,Singhik,
217,NORTH DISTRICT,District Panchayat,,,122038,13,Tung Naga,Tung Naga,
217,NORTH DISTRICT,District Panchayat,,,122039,14,Chungthang,Chungthang,
217,NORTH DISTRICT,District Panchayat,,,122040,15,Shipgyer,Shipgyer,
217,NORTH DISTRICT,District Panchayat,,,122041,16,Lingthem Lingdem,Lingthem Lingdem,
217,NORTH DISTRICT,District Panchayat,,,122043,17,Passingdang Safo,Passingdang Safo,
217,NORTH DISTRICT,District Panchayat,,,122045,18,Tingvong,Tingvong,
217,NORTH DISTRICT,District Panchayat,,,122048,19,Sakyong Pentong,Sakyong Pentong,
217,NORTH DISTRICT,District Panchayat,,,604730,20,Lingdong Barfok,Lingdong Barfok,
217,NORTH DISTRICT,District Panchayat,,,604731,21,Hee Gyathang,Hee Gyathang,
217,NORTH DISTRICT,District Panchayat,,,604732,22,Lum Gor Sangtok,Lum Gor Sangtok,
217,NORTH DISTRICT,District Panchayat,,,1281626,23,Lachen Dzumsa,Lachen Dzumsa,
217,NORTH DISTRICT,District Panchayat,,,1281627,24,Lachung Dzumsa,Lachung Dzumsa,
218,SOUTH DISTRICT,District Panchayat,,,94329,1,Lingi Paiyong,Lingi Paiyong,
218,SOUTH DISTRICT,District Panchayat,,,122052,2,Kolthang Mangzing,Kolthang Mangzing,
218,SOUTH DISTRICT,District Panchayat,,,122054,3,Sripatam Yangang,Sripatam Yangang,
218,SOUTH DISTRICT,District Panchayat,,,122057,4,Yangrang Rangang,Yangrang Rangang,
218,SOUTH DISTRICT,District Panchayat,,,122058,5,Rabong Sangmo,Rabong Sangmo,
218,SOUTH DISTRICT,District Panchayat,,,122059,6,Ben Namprik,Ben Namprik,
218,SOUTH DISTRICT,District Panchayat,,,122060,7,Temi Tarku,Temi Tarku,
218,SOUTH DISTRICT,District Panchayat,,,122061,8,Namphing Barnayak,Namphing Barnayak,
218,SOUTH DISTRICT,District Panchayat,,,122062,9,Rameng Perbing Phong,Rameng Perbing Phong,
218,SOUTH DISTRICT,District Panchayat,,,122066,10,Maneydara Nagi,Maneydara Nagi,
218,SOUTH DISTRICT,District Panchayat,,,122067,11,Pamphok Mamring,Pamphok Mamring,
218,SOUTH DISTRICT,District Panchayat,,,122068,12,Tangzi Rateypani,Tangzi Rateypani,
218,SOUTH DISTRICT,District Panchayat,,,122069,13,Sadam Suntaley,Sadam Suntaley,
218,SOUTH DISTRICT,District Panchayat,,,122070,14,Mellidara Turuk,Mellidara Turuk,
218,SOUTH DISTRICT,District Panchayat,,,122071,15,Sumbuk Kartikey,Sumbuk Kartikey,
218,SOUTH DISTRICT,District Panchayat,,,122074,16,Rongbul Maniram,Rongbul Maniram,
218,SOUTH DISTRICT,District Panchayat,,,122076,17,Kitam Manpur,Kitam Manpur,
218,SOUTH DISTRICT,District Panchayat,,,122078,18,Mikhola Boomtar,Mikhola Boomtar,
218,SOUTH DISTRICT,District Panchayat,,,122084,19,Sorok Shyampani,Sorok Shyampani,
218,SOUTH DISTRICT,District Panchayat,,,122089,20,Assangthang Salghari,Assangthang Salghari,
218,SOUTH DISTRICT,District Panchayat,,,122092,21,Polok Chisopani,Polok Chisopani,
218,SOUTH DISTRICT,District Panchayat,,,122094,22,Mamley Kamrang,Mamley Kamrang,
218,SOUTH DISTRICT,District Panchayat,,,122095,23,Tingrithang Damthang,Tingrithang Damthang,
218,SOUTH DISTRICT,District Panchayat,,,122097,24,Wok Omchu,Wok Omchu,
218,SOUTH DISTRICT,District Panchayat,,,122099,25,Tinkitam Sanganath,Tinkitam Sanganath,
218,SOUTH DISTRICT,District Panchayat,,,122101,26,Lekship Lamten,Lekship Lamten,
218,SOUTH DISTRICT,District Panchayat,,,122103,27,Kewzing Barfung,Kewzing Barfung,
218,SOUTH DISTRICT,District Panchayat,,,122105,28,Ralong Borong,Ralong Borong,
219,WEST DISTRICT,District Panchayat,,,111212,1,Karzi Magnam Dhupi,Karzi Magnam Dhupi,
219,WEST DISTRICT,District Panchayat,,,121969,2,Kongri Labdang Tashiding,Kongri Labdang Tashiding,
219,WEST DISTRICT,District Panchayat,,,121970,3,Chongrang Gerethang,Chongrang Gerethang,
219,WEST DISTRICT,District Panchayat,,,121971,4,Yuksom Thingling,Yuksom Thingling,
219,WEST DISTRICT,District Panchayat,,,121972,5,Meli Rimbi,Meli Rimbi,
219,WEST DISTRICT,District Panchayat,,,121983,6,Darap Chumbong,Darap Chumbong,
219,WEST DISTRICT,District Panchayat,,,121989,7,Yangtey,Yangtey,
219,WEST DISTRICT,District Panchayat,,,121990,8,Gyalshing,Gyalshing,
219,WEST DISTRICT,District Panchayat,,,121992,9,Yangthang Tikjya,Yangthang Tikjya,
219,WEST DISTRICT,District Panchayat,,,121993,10,Bongten Sardong,Bongten Sardong,
219,WEST DISTRICT,District Panchayat,,,121999,11,Maneybung Sopakha,Maneybung Sopakha,
219,WEST DISTRICT,District Panchayat,,,122003,12,Dentam Gitang,Dentam Gitang,
219,WEST DISTRICT,District Panchayat,,,122005,13,Sangkhu Hee,Sangkhu Hee,
219,WEST DISTRICT,District Panchayat,,,122008,14,Bermoik Martam,Bermoik Martam,
219,WEST DISTRICT,District Panchayat,,,122009,15,Chingthang,Chingthang,
219,WEST DISTRICT,District Panchayat,,,122010,16,Sangadorjee Rinchenpong,Sangadorjee Rinchenpong,
219,WEST DISTRICT,District Panchayat,,,122011,17,Deythang Takothang,Deythang Takothang,
219,WEST DISTRICT,District Panchayat,,,122012,18,Suldung Khaniserbung,Suldung Khaniserbung,
219,WEST DISTRICT,District Panchayat,,,122013,19,Chota Samdong Arubotey,Chota Samdong Arubotey,
219,WEST DISTRICT,District Panchayat,,,122014,20,Mabong Gelling,Mabong Gelling,
219,WEST DISTRICT,District Panchayat,,,122015,21,Chakung,Chakung,
219,WEST DISTRICT,District Panchayat,,,122016,22,Chumbong,Chumbong,
219,WEST DISTRICT,District Panchayat,,,122017,23,Zoom,Zoom,
219,WEST DISTRICT,District Panchayat,,,122018,24,Malbasey Bhudang,Malbasey Bhudang,
219,WEST DISTRICT,District Panchayat,,,122019,25,Soreng Mangsari,Soreng Mangsari,
219,WEST DISTRICT,District Panchayat,,,122020,26,Singling,Singling,
219,WEST DISTRICT,District Panchayat,,,122021,27,Timburbong,Timburbong,
219,WEST DISTRICT,District Panchayat,,,122022,28,Buriakhop,Buriakhop,
219,WEST DISTRICT,District Panchayat,,,1281613,29,Rumbuk,Rumbuk,
219,WEST DISTRICT,District Panchayat,,,1281614,30,Longchok Salyangdang,Longchok Salyangdang,
219,WEST DISTRICT,District Panchayat,,,1286412,31,Siktam Okhrey,Siktam Okhrey,
254706,AHO YANGTAM,Village Panchayat,EAST DISTRICT,,121750,3,Upper Aho,,
254706,AHO YANGTAM,Village Panchayat,EAST DISTRICT,,121751,4,Lower Aho,,
254706,AHO YANGTAM,Village Panchayat,EAST DISTRICT,,121752,5,Yangtam,,
254706,AHO YANGTAM,Village Panchayat,EAST DISTRICT,,121753,6,Kadamtam,,
254706,AHO YANGTAM,Village Panchayat,EAST DISTRICT,,121754,7,Chota Singtam,,
254706,AHO YANGTAM,Village Panchayat,EAST DISTRICT,,604502,1,Changey,Changey Gumpa,
254706,AHO YANGTAM,Village Panchayat,EAST DISTRICT,,604503,2,Senti,Senti,
254707,AMBA,Village Panchayat,EAST DISTRICT,,121745,1,Lashithang,,
254707,AMBA,Village Panchayat,EAST DISTRICT,,121746,2,Mamring,Mamring Gumpa,
254707,AMBA,Village Panchayat,EAST DISTRICT,,121747,3,Amba,,
254707,AMBA,Village Panchayat,EAST DISTRICT,,121748,4,Chuthang Pithang,,
254707,AMBA,Village Panchayat,EAST DISTRICT,,121749,5,Takche Kaizaley,,
254708,ARITAR,Village Panchayat,EAST DISTRICT,,121673,1,Gumpa Simanagaon,Rhenock Bora Kagyed Gumpa,
254708,ARITAR,Village Panchayat,EAST DISTRICT,,121674,2,Aritar Maneydara,,
254708,ARITAR,Village Panchayat,EAST DISTRICT,,121675,3,Pradhan Gaon,,
254708,ARITAR,Village Panchayat,EAST DISTRICT,,121676,4,Kingstone,,
254708,ARITAR,Village Panchayat,EAST DISTRICT,,121677,5,Khamdong,,
254708,ARITAR,Village Panchayat,EAST DISTRICT,,121678,6,Kutitar,,
254710,ASSAM LINGZEY,Village Panchayat,EAST DISTRICT,,121755,1,Saureni,,
254710,ASSAM LINGZEY,Village Panchayat,EAST DISTRICT,,121756,2,Lingzey,,
254710,ASSAM LINGZEY,Village Panchayat,EAST DISTRICT,,121757,3,Assam Daragaon,,
254710,ASSAM LINGZEY,Village Panchayat,EAST DISTRICT,,121758,4,Assam Gairigaon,,
254710,ASSAM LINGZEY,Village Panchayat,EAST DISTRICT,,121759,5,Pastenga,,
254761,BERING TAREYTHANG,Village Panchayat,EAST DISTRICT,,121837,1,Upper Tareythang,,
254761,BERING TAREYTHANG,Village Panchayat,EAST DISTRICT,,121838,2,Lower Tareythang,,
254761,BERING TAREYTHANG,Village Panchayat,EAST DISTRICT,,121839,3,Upper Bering,,
254761,BERING TAREYTHANG,Village Panchayat,EAST DISTRICT,,121840,4,Kerabari,,
254761,BERING TAREYTHANG,Village Panchayat,EAST DISTRICT,,121841,5,Lower Bering,,
254780,BHUSUK NAITAM,Village Panchayat,EAST DISTRICT,,121760,1,Yalli Phakalakha,,
254780,BHUSUK NAITAM,Village Panchayat,EAST DISTRICT,,121761,2,Bhusuk,,
254780,BHUSUK NAITAM,Village Panchayat,EAST DISTRICT,,121762,3,Namok,,
254780,BHUSUK NAITAM,Village Panchayat,EAST DISTRICT,,121763,4,Pabyuk,,
254780,BHUSUK NAITAM,Village Panchayat,EAST DISTRICT,,121764,5,Naitam,,
257843,BUDANG KAMEREY,Village Panchayat,EAST DISTRICT,,604353,1,Budang,Budang,
257843,BUDANG KAMEREY,Village Panchayat,EAST DISTRICT,,604354,2,Sajong,Sajong,
257843,BUDANG KAMEREY,Village Panchayat,EAST DISTRICT,,604360,5,Kameray,Kamerey,
257843,BUDANG KAMEREY,Village Panchayat,EAST DISTRICT,,604363,3,Upper Pachak,Upper Pachak,
257843,BUDANG KAMEREY,Village Panchayat,EAST DISTRICT,,604364,4,Lower Pachak,Lower Pachak,
254717,BYENG PHEGYONG,Village Panchayat,EAST DISTRICT,,121800,1,Zinglamasa,,
254717,BYENG PHEGYONG,Village Panchayat,EAST DISTRICT,,121801,2,Phegyong,Song Kagyud Gumpa,
254717,BYENG PHEGYONG,Village Panchayat,EAST DISTRICT,,121802,3,Byeng,,
254717,BYENG PHEGYONG,Village Panchayat,EAST DISTRICT,,604365,4,Tirkutam,Tirkutam,
254717,BYENG PHEGYONG,Village Panchayat,EAST DISTRICT,,604369,5,Tshalumthang,Tshalumthang,
254717,BYENG PHEGYONG,Village Panchayat,EAST DISTRICT,,604370,6,Sangkhola,Sangkhola,
254721,CENTRAL PENDAM,Village Panchayat,EAST DISTRICT,,121624,1,Karmithang,,
254721,CENTRAL PENDAM,Village Panchayat,EAST DISTRICT,,121625,2,Burung,,
254721,CENTRAL PENDAM,Village Panchayat,EAST DISTRICT,,121626,3,Cheuribotey,,
254721,CENTRAL PENDAM,Village Panchayat,EAST DISTRICT,,121627,4,Duga,,
254721,CENTRAL PENDAM,Village Panchayat,EAST DISTRICT,,121628,5,Deorali,,
254721,CENTRAL PENDAM,Village Panchayat,EAST DISTRICT,,121629,6,Jitlang,,
254787,CHALAMTHANG PACHEYKHANI,Village Panchayat,EAST DISTRICT,,121834,1,Naya Busty,,
254787,CHALAMTHANG PACHEYKHANI,Village Panchayat,EAST DISTRICT,,121835,3,Chalamthang Dugalakha,,
254787,CHALAMTHANG PACHEYKHANI,Village Panchayat,EAST DISTRICT,,121836,7,Bengthang,,
254787,CHALAMTHANG PACHEYKHANI,Village Panchayat,EAST DISTRICT,,122890,8,Rorathang Bazaar,,
254787,CHALAMTHANG PACHEYKHANI,Village Panchayat,EAST DISTRICT,,604525,2,East Dikling,East Dikling,
254787,CHALAMTHANG PACHEYKHANI,Village Panchayat,EAST DISTRICT,,604526,4,Lossing,Lossing,
254787,CHALAMTHANG PACHEYKHANI,Village Panchayat,EAST DISTRICT,,604530,5,Dikling Pacheykhani,,
254787,CHALAMTHANG PACHEYKHANI,Village Panchayat,EAST DISTRICT,,604531,6,Pacheykhani,,
276337,CHISOPANI,Village Panchayat,EAST DISTRICT,,1281508,1,Upper Chisopani,,
276337,CHISOPANI,Village Panchayat,EAST DISTRICT,,1281509,2,Lower Chisopani,,
276337,CHISOPANI,Village Panchayat,EAST DISTRICT,,1281510,3,Upper Teniok,,
276337,CHISOPANI,Village Panchayat,EAST DISTRICT,,1281511,4,Lower Teniok,,
276337,CHISOPANI,Village Panchayat,EAST DISTRICT,,1281512,5,Shantinagar,,
254727,CHUJACHEN,Village Panchayat,EAST DISTRICT,,121724,1,Sungdung,,
254727,CHUJACHEN,Village Panchayat,EAST DISTRICT,,121725,2,Markang,,
254727,CHUJACHEN,Village Panchayat,EAST DISTRICT,,121726,3,Rewlakha,,
254727,CHUJACHEN,Village Panchayat,EAST DISTRICT,,121727,4,Posokey,,
254727,CHUJACHEN,Village Panchayat,EAST DISTRICT,,121728,5,Lok Lungchok,,
254735,DOLEPCHEN,Village Panchayat,EAST DISTRICT,,121699,1,Mangkhim,,
254735,DOLEPCHEN,Village Panchayat,EAST DISTRICT,,121700,2,Sadhu Gaon,,
254735,DOLEPCHEN,Village Panchayat,EAST DISTRICT,,121701,3,Kataharotey,,
254735,DOLEPCHEN,Village Panchayat,EAST DISTRICT,,121702,4,Dara Gaon,,
254735,DOLEPCHEN,Village Panchayat,EAST DISTRICT,,121703,5,Mandir Gaon,,
254735,DOLEPCHEN,Village Panchayat,EAST DISTRICT,,121704,6,Sawa,,
257847,DUNG DUNG THASA,Village Panchayat,EAST DISTRICT,,604371,1,Ralap,Ralap,
257847,DUNG DUNG THASA,Village Panchayat,EAST DISTRICT,,604372,2,Rangtu,Rangtu,
257847,DUNG DUNG THASA,Village Panchayat,EAST DISTRICT,,604373,3,Dung Dung,Dung Dung,
257847,DUNG DUNG THASA,Village Panchayat,EAST DISTRICT,,604374,4,Ramitey Gaon,Ramitey Gaon,
257847,DUNG DUNG THASA,Village Panchayat,EAST DISTRICT,,604375,5,Thasa,Thasa,
254736,EAST PENDAM,Village Panchayat,EAST DISTRICT,,121630,1,Mamzey,,
254736,EAST PENDAM,Village Panchayat,EAST DISTRICT,,121631,2,Padamchey,,
254736,EAST PENDAM,Village Panchayat,EAST DISTRICT,,121632,3,Kaiyong,,
254736,EAST PENDAM,Village Panchayat,EAST DISTRICT,,121633,4,Tindharey,Kali Khola,
254736,EAST PENDAM,Village Panchayat,EAST DISTRICT,,121634,5,Upper Bhasmey,,
254736,EAST PENDAM,Village Panchayat,EAST DISTRICT,,121635,6,Lower Bhasmey,,
254738,GNATHANG,Village Panchayat,EAST DISTRICT,,121710,1,Tsomgo,,
254738,GNATHANG,Village Panchayat,EAST DISTRICT,,121711,2,Yakla Sherathang,,
254738,GNATHANG,Village Panchayat,EAST DISTRICT,,121712,3,Kupup,,
254738,GNATHANG,Village Panchayat,EAST DISTRICT,,121713,4,Gnathang,,
254738,GNATHANG,Village Panchayat,EAST DISTRICT,,121714,5,Zoluk,,
254747,KHAMDONG,Village Panchayat,EAST DISTRICT,,121803,1,Budang,,
254747,KHAMDONG,Village Panchayat,EAST DISTRICT,,121804,2,Thangsing,,
254747,KHAMDONG,Village Panchayat,EAST DISTRICT,,121805,3,Beng,,
254747,KHAMDONG,Village Panchayat,EAST DISTRICT,,121806,4,Lower Khamdong,,
254747,KHAMDONG,Village Panchayat,EAST DISTRICT,,121807,5,Upper Khamdong,,
257846,KOPIBARI SYARI,Village Panchayat,EAST DISTRICT,,604377,1,Lower Syari,Lower Syari,
257846,KOPIBARI SYARI,Village Panchayat,EAST DISTRICT,,604378,2,Lower Syari East,Lower Syari East,
257846,KOPIBARI SYARI,Village Panchayat,EAST DISTRICT,,604379,3,Middle Syari Mam Gaon,Middle Syari Mam Gaon,
257846,KOPIBARI SYARI,Village Panchayat,EAST DISTRICT,,604380,4,Zimpung Gaon,Zimpung Gaon,
257846,KOPIBARI SYARI,Village Panchayat,EAST DISTRICT,,604381,5,Dothapu Gaon,,
257846,KOPIBARI SYARI,Village Panchayat,EAST DISTRICT,,604382,6,Kopibari Syari,,
257833,KYONGNOSLA,Village Panchayat,EAST DISTRICT,,604397,1,3rd Mile,,
257833,KYONGNOSLA,Village Panchayat,EAST DISTRICT,,604398,2,5th Mile,,
257833,KYONGNOSLA,Village Panchayat,EAST DISTRICT,,604400,3,7th Mile,,
257833,KYONGNOSLA,Village Panchayat,EAST DISTRICT,,604401,4,Karponang,,
257833,KYONGNOSLA,Village Panchayat,EAST DISTRICT,,604402,5,Kyongnosla,,
254753,LATUK BARAPATHING,Village Panchayat,EAST DISTRICT,,121729,1,Latuk,,
254753,LATUK BARAPATHING,Village Panchayat,EAST DISTRICT,,121730,2,Tek,,
254753,LATUK BARAPATHING,Village Panchayat,EAST DISTRICT,,121731,3,Chuchen Tadong,Barapathing,
254753,LATUK BARAPATHING,Village Panchayat,EAST DISTRICT,,121732,4,Chuchen,,
254753,LATUK BARAPATHING,Village Panchayat,EAST DISTRICT,,121733,5,Pheri,,
254753,LATUK BARAPATHING,Village Panchayat,EAST DISTRICT,,121734,6,Zeeling,,
254759,LINGTAM PHADAMCHEN,Village Panchayat,EAST DISTRICT,,121720,4,Nimachen,,
254759,LINGTAM PHADAMCHEN,Village Panchayat,EAST DISTRICT,,121721,5,Phadamchen,,
254759,LINGTAM PHADAMCHEN,Village Panchayat,EAST DISTRICT,,604703,1,Upper Lingtam,Bouchen,
254759,LINGTAM PHADAMCHEN,Village Panchayat,EAST DISTRICT,,604704,2,Middle Lingtam,Pasting,
254759,LINGTAM PHADAMCHEN,Village Panchayat,EAST DISTRICT,,604705,3,Lower Lingtam,Lingtam,
254850,LINKEY PARAKHA,Village Panchayat,EAST DISTRICT,,121735,1,Safung,,
254850,LINKEY PARAKHA,Village Panchayat,EAST DISTRICT,,121736,2,Lapthang Thekabung,Lapthang,
254850,LINKEY PARAKHA,Village Panchayat,EAST DISTRICT,,121737,3,Bageyswari,,
254850,LINKEY PARAKHA,Village Panchayat,EAST DISTRICT,,121738,4,Parkha Daragaon,Parkha,
254850,LINKEY PARAKHA,Village Panchayat,EAST DISTRICT,,121739,5,Parkha Colony,Rodhi,
254850,LINKEY PARAKHA,Village Panchayat,EAST DISTRICT,,604644,6,Linkey,,
254850,LINKEY PARAKHA,Village Panchayat,EAST DISTRICT,,604645,7,Dangrang,,
254764,LUING PARBING,Village Panchayat,EAST DISTRICT,,121770,1,Upper Luing,,
254764,LUING PARBING,Village Panchayat,EAST DISTRICT,,121771,2,Middle Luing,,
254764,LUING PARBING,Village Panchayat,EAST DISTRICT,,121772,3,Thamidara,,
254764,LUING PARBING,Village Panchayat,EAST DISTRICT,,121773,4,Changrong,,
254764,LUING PARBING,Village Panchayat,EAST DISTRICT,,121774,5,Parbing,,
254764,LUING PARBING,Village Panchayat,EAST DISTRICT,,1281473,6,Lower Luing,,
254773,MARTAM NAZITAM,Village Panchayat,EAST DISTRICT,,121794,1,Chuza,,
254773,MARTAM NAZITAM,Village Panchayat,EAST DISTRICT,,121795,2,Yangthang Ward,,
254773,MARTAM NAZITAM,Village Panchayat,EAST DISTRICT,,121796,3,Martam,,
254773,MARTAM NAZITAM,Village Panchayat,EAST DISTRICT,,121797,4,Lingtam,,
254773,MARTAM NAZITAM,Village Panchayat,EAST DISTRICT,,121798,5,Nazitam,,
254773,MARTAM NAZITAM,Village Panchayat,EAST DISTRICT,,121799,6,Patieum,,
254745,NAMCHEYBONG,Village Panchayat,EAST DISTRICT,,121842,1,Naibutar,,
254745,NAMCHEYBONG,Village Panchayat,EAST DISTRICT,,121843,2,Basnet Gaon,,
254745,NAMCHEYBONG,Village Panchayat,EAST DISTRICT,,121844,3,Rai Gaon,,
254745,NAMCHEYBONG,Village Panchayat,EAST DISTRICT,,121845,4,Khongsee,,
254745,NAMCHEYBONG,Village Panchayat,EAST DISTRICT,,121846,5,Basilakha,,
254745,NAMCHEYBONG,Village Panchayat,EAST DISTRICT,,121847,6,Nimtar,,
254781,NAMLI,Village Panchayat,EAST DISTRICT,,121789,1,Namli,,
254781,NAMLI,Village Panchayat,EAST DISTRICT,,121790,2,Radang,,
254781,NAMLI,Village Panchayat,EAST DISTRICT,,121791,3,Tumlabong,,
254781,NAMLI,Village Panchayat,EAST DISTRICT,,121792,4,Chuba,,
254781,NAMLI,Village Panchayat,EAST DISTRICT,,121793,5,Khimsithang,,
257845,NANDOK SARAMSA,Village Panchayat,EAST DISTRICT,,604404,1,Upper Nandok,,
257845,NANDOK SARAMSA,Village Panchayat,EAST DISTRICT,,604405,2,Lower Nandok,,
257845,NANDOK SARAMSA,Village Panchayat,EAST DISTRICT,,604406,3,Nimthang,,
257845,NANDOK SARAMSA,Village Panchayat,EAST DISTRICT,,604407,4,DPH,,
257845,NANDOK SARAMSA,Village Panchayat,EAST DISTRICT,,604408,5,Saramsa,,
257844,PACHEY SAMSING,Village Panchayat,EAST DISTRICT,,604409,3,Phirphirey,,
257844,PACHEY SAMSING,Village Panchayat,EAST DISTRICT,,604410,4,Ganchung,Gangchung,
257844,PACHEY SAMSING,Village Panchayat,EAST DISTRICT,,604411,5,Pachey,,
257844,PACHEY SAMSING,Village Panchayat,EAST DISTRICT,,604733,1,Shanti Turning,Shanti Turning,
257844,PACHEY SAMSING,Village Panchayat,EAST DISTRICT,,604734,2,Samsing,Samsing,
254789,PAKYONG YAAKTEN,Village Panchayat,EAST DISTRICT,,121829,1,Pakyong Bazar,,
254789,PAKYONG YAAKTEN,Village Panchayat,EAST DISTRICT,,121830,2,Zoomthang,,
254789,PAKYONG YAAKTEN,Village Panchayat,EAST DISTRICT,,604412,3,Yaakten,,
254789,PAKYONG YAAKTEN,Village Panchayat,EAST DISTRICT,,604413,4,Karthok,,
254789,PAKYONG YAAKTEN,Village Panchayat,EAST DISTRICT,,604414,5,Noapgoan,,
254830,PATUK SINGBEL,Village Panchayat,EAST DISTRICT,,121857,3,Makha,,
254830,PATUK SINGBEL,Village Panchayat,EAST DISTRICT,,121858,4,Singbel,,
254830,PATUK SINGBEL,Village Panchayat,EAST DISTRICT,,121859,5,Salebong,,
254830,PATUK SINGBEL,Village Panchayat,EAST DISTRICT,,604415,1,Kokeley,,
254830,PATUK SINGBEL,Village Panchayat,EAST DISTRICT,,604416,2,Patuk,,
254795,PREMLAKHA SUBANEYDARA,Village Panchayat,EAST DISTRICT,,121715,1,Agam Lok,,
254795,PREMLAKHA SUBANEYDARA,Village Panchayat,EAST DISTRICT,,121716,2,Maney Sisney,,
254795,PREMLAKHA SUBANEYDARA,Village Panchayat,EAST DISTRICT,,121717,3,Subaneydara,,
254795,PREMLAKHA SUBANEYDARA,Village Panchayat,EAST DISTRICT,,121718,4,Singaneybas,,
254795,PREMLAKHA SUBANEYDARA,Village Panchayat,EAST DISTRICT,,121719,5,Premlakha,,
254797,RAKDONG TINTEK,Village Panchayat,EAST DISTRICT,,121824,1,Raksay Kedang Thang,Rakdong Tintek Gumpa,
254797,RAKDONG TINTEK,Village Panchayat,EAST DISTRICT,,121825,2,Lower Rakdong,,
254797,RAKDONG TINTEK,Village Panchayat,EAST DISTRICT,,121826,3,Upper Rakdong,,
254797,RAKDONG TINTEK,Village Panchayat,EAST DISTRICT,,121827,4,Upper Tintek,,
254797,RAKDONG TINTEK,Village Panchayat,EAST DISTRICT,,121828,5,Lower Tintek,,
254797,RAKDONG TINTEK,Village Panchayat,EAST DISTRICT,,1281456,6,Dikchu Jang,,
254801,RANKA,Village Panchayat,EAST DISTRICT,,121775,1,Baliman,,
254801,RANKA,Village Panchayat,EAST DISTRICT,,121776,2,Sangtong,,
254801,RANKA,Village Panchayat,EAST DISTRICT,,121777,3,Phenzong,,
254801,RANKA,Village Panchayat,EAST DISTRICT,,121778,4,Malangthang,,
254801,RANKA,Village Panchayat,EAST DISTRICT,,121779,5,Rai Gaon,,
254801,RANKA,Village Panchayat,EAST DISTRICT,,121780,6,Salangthang,,
254803,RAWATEY RUMTEK,Village Panchayat,EAST DISTRICT,,121783,1,Chinzey,,
254803,RAWATEY RUMTEK,Village Panchayat,EAST DISTRICT,,121784,2,Rawatey Rumtek,,
254803,RAWATEY RUMTEK,Village Panchayat,EAST DISTRICT,,121785,3,Rawatey Neopanigaon,,
254803,RAWATEY RUMTEK,Village Panchayat,EAST DISTRICT,,121786,4,Shagyong Rumtek,,
254803,RAWATEY RUMTEK,Village Panchayat,EAST DISTRICT,,121787,5,Rumtek,Kagyud Gumpa,
254804,REGOH,Village Panchayat,EAST DISTRICT,,121705,1,Regu Dara,,
254804,REGOH,Village Panchayat,EAST DISTRICT,,121706,2,Talkharga,,
254804,REGOH,Village Panchayat,EAST DISTRICT,,121707,3,Thokar,,
254804,REGOH,Village Panchayat,EAST DISTRICT,,121708,4,Dokchin,,
254804,REGOH,Village Panchayat,EAST DISTRICT,,121709,5,Pacha,,
254805,REY MENDU,Village Panchayat,EAST DISTRICT,,121781,1,Tephyak Mendu,,
254805,REY MENDU,Village Panchayat,EAST DISTRICT,,121782,2,Rey,,
254805,REY MENDU,Village Panchayat,EAST DISTRICT,,121848,3,Sama Sevik,,
254805,REY MENDU,Village Panchayat,EAST DISTRICT,,121849,4,Upper Lingdum,,
254805,REY MENDU,Village Panchayat,EAST DISTRICT,,121850,5,Lower Lingdum,,
254805,REY MENDU,Village Panchayat,EAST DISTRICT,,604421,6,Dhajey,,
254805,REY MENDU,Village Panchayat,EAST DISTRICT,,604422,7,Barbing,,
254806,RHENOCK,Village Panchayat,EAST DISTRICT,,121657,1,Kyongsa,,
254806,RHENOCK,Village Panchayat,EAST DISTRICT,,121659,2,Reshi,,
254806,RHENOCK,Village Panchayat,EAST DISTRICT,,121661,3,Chalisay,,
254806,RHENOCK,Village Panchayat,EAST DISTRICT,,121666,4,Challampong,,
254806,RHENOCK,Village Panchayat,EAST DISTRICT,,121668,5,Rungdung,,
254806,RHENOCK,Village Panchayat,EAST DISTRICT,,121670,6,Rhenock Bazar,,
254806,RHENOCK,Village Panchayat,EAST DISTRICT,,121671,7,Caming Ground,Caming Ground,
254806,RHENOCK,Village Panchayat,EAST DISTRICT,,121672,8,Dev Area,,
254809,RIWA MACHONG,Village Panchayat,EAST DISTRICT,,121740,1,Riwa Block,Riwa,
254809,RIWA MACHONG,Village Panchayat,EAST DISTRICT,,121741,2,Machong Gangyap,Gangyap,
254809,RIWA MACHONG,Village Panchayat,EAST DISTRICT,,121742,3,Machong,,
254809,RIWA MACHONG,Village Panchayat,EAST DISTRICT,,121743,4,Lossing,,
254809,RIWA MACHONG,Village Panchayat,EAST DISTRICT,,121744,5,Rikyap,,
254810,ROLEP LAMATEN,Village Panchayat,EAST DISTRICT,,121722,1,Rolep,,
254810,ROLEP LAMATEN,Village Panchayat,EAST DISTRICT,,121723,2,Chongthang,Arubotey,
254810,ROLEP LAMATEN,Village Panchayat,EAST DISTRICT,,604417,3,Upper Lamaten,Kheselakha,
254810,ROLEP LAMATEN,Village Panchayat,EAST DISTRICT,,604418,4,Middle Lamaten,Lamaten,
254810,ROLEP LAMATEN,Village Panchayat,EAST DISTRICT,,604419,5,Lower Lamaten,Sotakpani,
254846,RONGAY TATHANGCHEN,Village Panchayat,EAST DISTRICT,,121765,1,L. Tathangchen,,
254846,RONGAY TATHANGCHEN,Village Panchayat,EAST DISTRICT,,121766,2,Rongay Maneydara,,
254846,RONGAY TATHANGCHEN,Village Panchayat,EAST DISTRICT,,121767,3,Rongay Gumpa Gaon,,
254846,RONGAY TATHANGCHEN,Village Panchayat,EAST DISTRICT,,121768,4,Chongay Tar,,
254846,RONGAY TATHANGCHEN,Village Panchayat,EAST DISTRICT,,121769,5,Merrung,,
254812,RONGLI CHENGEYLAKHA,Village Panchayat,EAST DISTRICT,,121831,5,Deoling,,
254812,RONGLI CHENGEYLAKHA,Village Panchayat,EAST DISTRICT,,604722,1,Chunabatti,,
254812,RONGLI CHENGEYLAKHA,Village Panchayat,EAST DISTRICT,,604723,2,Lower Rongli,,
254812,RONGLI CHENGEYLAKHA,Village Panchayat,EAST DISTRICT,,604724,3,Middle Rongli,,
254812,RONGLI CHENGEYLAKHA,Village Panchayat,EAST DISTRICT,,604725,4,Upper Rongli,,
254819,SAMDONG KAMBEL,Village Panchayat,EAST DISTRICT,,121818,1,Khese,,
254819,SAMDONG KAMBEL,Village Panchayat,EAST DISTRICT,,121819,2,Raley,,
254819,SAMDONG KAMBEL,Village Panchayat,EAST DISTRICT,,121820,3,Lower Samdong,,
254819,SAMDONG KAMBEL,Village Panchayat,EAST DISTRICT,,121821,4,Upper Samdong,Samdong Menagyud Gumpa,
254819,SAMDONG KAMBEL,Village Panchayat,EAST DISTRICT,,121822,5,Upper Kambal,,
254819,SAMDONG KAMBEL,Village Panchayat,EAST DISTRICT,,121823,6,Lower Kambal,,
254820,SAMLIK MARCHAK,Village Panchayat,EAST DISTRICT,,604654,1,Marchak,,
254820,SAMLIK MARCHAK,Village Panchayat,EAST DISTRICT,,604655,2,Chorten,,
254820,SAMLIK MARCHAK,Village Panchayat,EAST DISTRICT,,604735,3,Samlik,,
254820,SAMLIK MARCHAK,Village Panchayat,EAST DISTRICT,,604736,4,Aley,,
254820,SAMLIK MARCHAK,Village Panchayat,EAST DISTRICT,,1298187,5,Namin,,
254829,SIMIK LINGZEY,Village Panchayat,EAST DISTRICT,,121808,1,Aritar,,
254829,SIMIK LINGZEY,Village Panchayat,EAST DISTRICT,,121809,2,Simik,Simik Daduling Gumpa,
254829,SIMIK LINGZEY,Village Panchayat,EAST DISTRICT,,121810,3,Lingzey,,
254829,SIMIK LINGZEY,Village Panchayat,EAST DISTRICT,,121811,4,Chadey,,
254829,SIMIK LINGZEY,Village Panchayat,EAST DISTRICT,,121812,5,Subithang,,
254833,SIRWANI,Village Panchayat,EAST DISTRICT,,121854,1,Sakyong,,
254833,SIRWANI,Village Panchayat,EAST DISTRICT,,121855,2,Dochum,,
254833,SIRWANI,Village Panchayat,EAST DISTRICT,,121856,3,Sirwani Pegulakha,,
254833,SIRWANI,Village Panchayat,EAST DISTRICT,,604642,4,Namgeythang,,
254833,SIRWANI,Village Panchayat,EAST DISTRICT,,604643,5,Rabdang,,
254837,SUDUNGLAKHA,Village Panchayat,EAST DISTRICT,,121694,1,Suntaley Darpaney,,
254837,SUDUNGLAKHA,Village Panchayat,EAST DISTRICT,,121695,2,Mulukey,,
254837,SUDUNGLAKHA,Village Panchayat,EAST DISTRICT,,121696,3,Sudunglakha,,
254837,SUDUNGLAKHA,Village Panchayat,EAST DISTRICT,,121697,4,Kopchey,,
254837,SUDUNGLAKHA,Village Panchayat,EAST DISTRICT,,121698,5,Gairi Gaon,,
254840,SUMIN LINGZEY,Village Panchayat,EAST DISTRICT,,121587,1,Mangthang,,
254840,SUMIN LINGZEY,Village Panchayat,EAST DISTRICT,,121612,2,Upper Sumin,,
254840,SUMIN LINGZEY,Village Panchayat,EAST DISTRICT,,121613,3,Middle Sumin,Sumin Gumpa,
254840,SUMIN LINGZEY,Village Panchayat,EAST DISTRICT,,121614,4,Lower Sumin,,
254840,SUMIN LINGZEY,Village Panchayat,EAST DISTRICT,,121615,5,Lower Lingzey,,
254840,SUMIN LINGZEY,Village Panchayat,EAST DISTRICT,,121616,6,Upper Lingzey,,
254723,TARPIN,Village Panchayat,EAST DISTRICT,,604646,1,Salghari,,
254723,TARPIN,Village Panchayat,EAST DISTRICT,,604647,2,Mandir,,
254723,TARPIN,Village Panchayat,EAST DISTRICT,,604648,3,Lower Tarpin,,
254723,TARPIN,Village Panchayat,EAST DISTRICT,,604649,4,Upper Tarpin,,
254723,TARPIN,Village Panchayat,EAST DISTRICT,,604650,5,Middle Tarpin,,
254847,TAZA,Village Panchayat,EAST DISTRICT,,604651,1,Ganchung,,
254847,TAZA,Village Panchayat,EAST DISTRICT,,604652,2,Dugalakha,,
254847,TAZA,Village Panchayat,EAST DISTRICT,,604653,3,Kaputhang,,
254847,TAZA,Village Panchayat,EAST DISTRICT,,604813,4,Barpipal Dara,,
254847,TAZA,Village Panchayat,EAST DISTRICT,,604814,5,Titribotey,,
254860,TUMIN,Village Panchayat,EAST DISTRICT,,121813,1,Borong,,
254860,TUMIN,Village Panchayat,EAST DISTRICT,,121814,2,Shelay,,
254860,TUMIN,Village Panchayat,EAST DISTRICT,,121815,3,Middle Tumin,,
254860,TUMIN,Village Panchayat,EAST DISTRICT,,121816,4,Namrang,Tumin Karma Choling Gumpa,
254860,TUMIN,Village Panchayat,EAST DISTRICT,,121817,5,Dhanbari,,
254865,WEST PENDAM,Village Panchayat,EAST DISTRICT,,121617,1,Ralang,,
254865,WEST PENDAM,Village Panchayat,EAST DISTRICT,,121618,2,Syapley,,
254865,WEST PENDAM,Village Panchayat,EAST DISTRICT,,121619,3,Sakhu,,
254865,WEST PENDAM,Village Panchayat,EAST DISTRICT,,121620,4,Khanigaon,,
254865,WEST PENDAM,Village Panchayat,EAST DISTRICT,,121621,5,Singleybong,,
254865,WEST PENDAM,Village Panchayat,EAST DISTRICT,,121622,6,Bordang,,
254865,WEST PENDAM,Village Panchayat,EAST DISTRICT,,121623,7,Sawney,,
254713,BARFOK LINGDONG,Village Panchayat,NORTH DISTRICT,,121388,1,Lower Lingdong,,
254713,BARFOK LINGDONG,Village Panchayat,NORTH DISTRICT,,121389,2,Upper Lingdong,,
254713,BARFOK LINGDONG,Village Panchayat,NORTH DISTRICT,,121391,3,Lower Barfok,,
254713,BARFOK LINGDONG,Village Panchayat,NORTH DISTRICT,,121392,4,Upper Barfok,,
254713,BARFOK LINGDONG,Village Panchayat,NORTH DISTRICT,,121393,5,Manzing,,
254859,CHUNGTHANG,Village Panchayat,NORTH DISTRICT,,151717,1,Theng,Theng,
254859,CHUNGTHANG,Village Panchayat,NORTH DISTRICT,,151718,2,Pegong,Pegong,
254859,CHUNGTHANG,Village Panchayat,NORTH DISTRICT,,151723,3,Choten,Choten,
254859,CHUNGTHANG,Village Panchayat,NORTH DISTRICT,,151725,4,Chungthang,Chungthang Chimo Rinchen Gumpa,
254859,CHUNGTHANG,Village Panchayat,NORTH DISTRICT,,151733,5,Bop,Bop,
254741,HEE GYATHANG,Village Panchayat,NORTH DISTRICT,,121394,1,Sudur Bringbong,,
254741,HEE GYATHANG,Village Panchayat,NORTH DISTRICT,,121396,2,Bringkatam Ravong,,
254741,HEE GYATHANG,Village Panchayat,NORTH DISTRICT,,121397,3,Mantyang Tungkyong,,
254741,HEE GYATHANG,Village Panchayat,NORTH DISTRICT,,121399,4,Hee Gyathang,Tashiling Gumpa,
254741,HEE GYATHANG,Village Panchayat,NORTH DISTRICT,,121400,5,Sangdong,,
254741,HEE GYATHANG,Village Panchayat,NORTH DISTRICT,,121402,6,Gnon,,
254742,KABI RONGPA,Village Panchayat,NORTH DISTRICT,,121318,1,Gaikhana,,
254742,KABI RONGPA,Village Panchayat,NORTH DISTRICT,,121319,2,Tingmoo-youngang,,
254742,KABI RONGPA,Village Panchayat,NORTH DISTRICT,,121320,3,Rongpa,,
254742,KABI RONGPA,Village Panchayat,NORTH DISTRICT,,121321,4,Kabi,,
254742,KABI RONGPA,Village Panchayat,NORTH DISTRICT,,121322,5,Longbu,,
254750,LACHEN DZUMSA,Village Panchayat,NORTH DISTRICT,,168865,1,Lachen,Lachen Dzumsa,
254751,LACHUNG DZUMSA,Village Panchayat,NORTH DISTRICT,,168866,1,Lachung,Lachung Dzumsa,
276335,Lingchom Tingda,Village Panchayat,NORTH DISTRICT,,1281437,1,Upper Lingchom,,
276335,Lingchom Tingda,Village Panchayat,NORTH DISTRICT,,1281438,2,Lower Lingchom,,
276335,Lingchom Tingda,Village Panchayat,NORTH DISTRICT,,1281439,3,Upper Tingda,,
276335,Lingchom Tingda,Village Panchayat,NORTH DISTRICT,,1281440,4,Lower Tingda,,
276335,Lingchom Tingda,Village Panchayat,NORTH DISTRICT,,1281441,5,Gairee,,
254756,LINGDOK NAMPONG,Village Panchayat,NORTH DISTRICT,,604389,1,Lingdok,,
254756,LINGDOK NAMPONG,Village Panchayat,NORTH DISTRICT,,604390,2,8th mile Lingdok,,
254756,LINGDOK NAMPONG,Village Panchayat,NORTH DISTRICT,,604393,3,Nechu 9th Mile,,
254756,LINGDOK NAMPONG,Village Panchayat,NORTH DISTRICT,,604394,4,Nampong,,
254756,LINGDOK NAMPONG,Village Panchayat,NORTH DISTRICT,,604395,5,Ari,Lingdok Chenkar Gumpa,
254756,LINGDOK NAMPONG,Village Panchayat,NORTH DISTRICT,,604396,6,Pangthang Nursery and New Kyongsa,,
254760,LINGTHEM LINGDEM,Village Panchayat,NORTH DISTRICT,,121367,1,Lingthem,Lingthem Chopel Targeling Gumpa,
254760,LINGTHEM LINGDEM,Village Panchayat,NORTH DISTRICT,,121368,2,Sangkalang Mantam,,
254760,LINGTHEM LINGDEM,Village Panchayat,NORTH DISTRICT,,121369,3,Ruklu Kayim,,
254760,LINGTHEM LINGDEM,Village Panchayat,NORTH DISTRICT,,121370,4,Lingdem,,
254760,LINGTHEM LINGDEM,Village Panchayat,NORTH DISTRICT,,121371,5,Laven,,
254765,LUM GOR SANGTOK,Village Panchayat,NORTH DISTRICT,,121403,1,Taryang,Gor Taryang Gumpa,
254765,LUM GOR SANGTOK,Village Panchayat,NORTH DISTRICT,,121405,2,Gor,,
254765,LUM GOR SANGTOK,Village Panchayat,NORTH DISTRICT,,121406,3,Sangtok,,
254765,LUM GOR SANGTOK,Village Panchayat,NORTH DISTRICT,,121407,4,Shagyong,,
254765,LUM GOR SANGTOK,Village Panchayat,NORTH DISTRICT,,121408,5,Lum,,
254853,MANGSHILA TIBUK,Village Panchayat,NORTH DISTRICT,,168842,1,Tingzey,Tingzey,
254853,MANGSHILA TIBUK,Village Panchayat,NORTH DISTRICT,,168843,2,Ralak,Ralak,
254853,MANGSHILA TIBUK,Village Panchayat,NORTH DISTRICT,,168844,3,Lower Jhusing,Lower Jhusing,
254853,MANGSHILA TIBUK,Village Panchayat,NORTH DISTRICT,,168845,4,Upper Jhusing,Upper Jhusing,
254853,MANGSHILA TIBUK,Village Panchayat,NORTH DISTRICT,,168846,5,Tibuk,Tibuk,
254776,MEN RONGONG,Village Panchayat,NORTH DISTRICT,,121331,3,Phamtam,,
254776,MEN RONGONG,Village Panchayat,NORTH DISTRICT,,121332,4,Upper Chawang,Chawang Ani Gumpa,
254776,MEN RONGONG,Village Panchayat,NORTH DISTRICT,,121333,5,Lower Chawang,,
254776,MEN RONGONG,Village Panchayat,NORTH DISTRICT,,121334,6,Malam,,
254776,MEN RONGONG,Village Panchayat,NORTH DISTRICT,,168840,1,Men Rongong,Men Rongong,
254776,MEN RONGONG,Village Panchayat,NORTH DISTRICT,,168841,2,Rarik,Rarik,
254782,NAMOK SWAYEM,Village Panchayat,NORTH DISTRICT,,121346,1,Swayem,,
254782,NAMOK SWAYEM,Village Panchayat,NORTH DISTRICT,,121347,2,Deythang,,
254782,NAMOK SWAYEM,Village Panchayat,NORTH DISTRICT,,121348,3,Tikpu,,
254782,NAMOK SWAYEM,Village Panchayat,NORTH DISTRICT,,121349,4,Namok,,
254782,NAMOK SWAYEM,Village Panchayat,NORTH DISTRICT,,121350,5,Rabi Chongthang,,
254784,NAVEY SHOTAK,Village Panchayat,NORTH DISTRICT,,604383,1,Pachey,,
254784,NAVEY SHOTAK,Village Panchayat,NORTH DISTRICT,,604384,2,Navey,,
254784,NAVEY SHOTAK,Village Panchayat,NORTH DISTRICT,,604385,3,Shotak,,
254784,NAVEY SHOTAK,Village Panchayat,NORTH DISTRICT,,604386,4,Takchi,,
254784,NAVEY SHOTAK,Village Panchayat,NORTH DISTRICT,,604387,5,Penlong,,
254790,PASSINGDANG SAFFO,Village Panchayat,NORTH DISTRICT,,121372,1,Salim Pakel,,
254790,PASSINGDANG SAFFO,Village Panchayat,NORTH DISTRICT,,121373,2,Safo Liching,,
254790,PASSINGDANG SAFFO,Village Panchayat,NORTH DISTRICT,,121374,3,Leek,,
254790,PASSINGDANG SAFFO,Village Panchayat,NORTH DISTRICT,,121375,4,Nom Panang,,
254790,PASSINGDANG SAFFO,Village Panchayat,NORTH DISTRICT,,121376,5,Passingdang,,
254793,PHENSANG,Village Panchayat,NORTH DISTRICT,,121324,1,Upper Paney Phensang,,
254793,PHENSANG,Village Panchayat,NORTH DISTRICT,,121325,2,Lower Paney Phensang,,
254793,PHENSANG,Village Panchayat,NORTH DISTRICT,,121326,3,Gensol Phensang,Phensang Gumpa,
254793,PHENSANG,Village Panchayat,NORTH DISTRICT,,121327,4,Safyong,,
254793,PHENSANG,Village Panchayat,NORTH DISTRICT,,121328,5,Labi,,
254793,PHENSANG,Village Panchayat,NORTH DISTRICT,,121329,6,Sardong,,
254793,PHENSANG,Village Panchayat,NORTH DISTRICT,,121330,7,Thingshim,,
254800,RAMTHANG TANYAK,Village Panchayat,NORTH DISTRICT,,121341,1,Ramthang Khyongu,,
254800,RAMTHANG TANYAK,Village Panchayat,NORTH DISTRICT,,121342,2,Ramthang Phyagu,,
254800,RAMTHANG TANYAK,Village Panchayat,NORTH DISTRICT,,121343,3,Ramthang Gongkha,,
254800,RAMTHANG TANYAK,Village Panchayat,NORTH DISTRICT,,121344,4,Tangyek,,
254800,RAMTHANG TANYAK,Village Panchayat,NORTH DISTRICT,,121345,5,Lungchok Sangam,,
254808,RINGHIM NAMPATAM,Village Panchayat,NORTH DISTRICT,,121351,1,Nampatam,,
254808,RINGHIM NAMPATAM,Village Panchayat,NORTH DISTRICT,,121352,2,Kalaw,,
254808,RINGHIM NAMPATAM,Village Panchayat,NORTH DISTRICT,,121353,3,Ringhim,Ringhim Rikzing Choling Gumpa,
254808,RINGHIM NAMPATAM,Village Panchayat,NORTH DISTRICT,,121354,4,Upper Singhik,,
254808,RINGHIM NAMPATAM,Village Panchayat,NORTH DISTRICT,,121355,5,Maling,,
254808,RINGHIM NAMPATAM,Village Panchayat,NORTH DISTRICT,,121356,6,Lower Singhik,,
254813,RONGONG TUMLONG,Village Panchayat,NORTH DISTRICT,,121335,1,Tumlong,,
254813,RONGONG TUMLONG,Village Panchayat,NORTH DISTRICT,,121336,2,Labrang,Labrang Gumpa,
254813,RONGONG TUMLONG,Village Panchayat,NORTH DISTRICT,,121337,3,Upper Phodong,,
254813,RONGONG TUMLONG,Village Panchayat,NORTH DISTRICT,,121338,4,Lower Phodong,Phodong Kagyud Gumpa,
254813,RONGONG TUMLONG,Village Panchayat,NORTH DISTRICT,,121339,5,Upper Rongong,,
254813,RONGONG TUMLONG,Village Panchayat,NORTH DISTRICT,,121340,6,Lower Rongong,,
254816,SAKYONG PENTONG,Village Panchayat,NORTH DISTRICT,,121382,1,Lower Lingja,,
254816,SAKYONG PENTONG,Village Panchayat,NORTH DISTRICT,,121383,2,Upper Lingja,,
254816,SAKYONG PENTONG,Village Panchayat,NORTH DISTRICT,,121384,3,Bey Tholung,Tolung Gumpa,
254816,SAKYONG PENTONG,Village Panchayat,NORTH DISTRICT,,121385,4,Pentong,,
254816,SAKYONG PENTONG,Village Panchayat,NORTH DISTRICT,,121386,5,Sakyong,,
254827,SHIPGYER,Village Panchayat,NORTH DISTRICT,,121362,1,Marokchu,Ship Kingachiling Gumpa,
254827,SHIPGYER,Village Panchayat,NORTH DISTRICT,,121363,2,Gyer,,
254827,SHIPGYER,Village Panchayat,NORTH DISTRICT,,121364,3,Nego,,
254827,SHIPGYER,Village Panchayat,NORTH DISTRICT,,121365,4,Ship,,
254827,SHIPGYER,Village Panchayat,NORTH DISTRICT,,121366,5,Ramon,,
254826,SINGHIK,Village Panchayat,NORTH DISTRICT,,121357,1,Pakshep,,
254826,SINGHIK,Village Panchayat,NORTH DISTRICT,,121358,2,Kazor,,
254826,SINGHIK,Village Panchayat,NORTH DISTRICT,,121359,3,Singhik,,
254826,SINGHIK,Village Panchayat,NORTH DISTRICT,,121360,4,Blu Tungbook,,
254826,SINGHIK,Village Panchayat,NORTH DISTRICT,,121361,5,Lingding Ringdang,,
257850,TINGCHIM CHADEY,Village Panchayat,NORTH DISTRICT,,168847,1,Mola,Mola,
257850,TINGCHIM CHADEY,Village Panchayat,NORTH DISTRICT,,168848,2,Tingchim,Tingchim,
257850,TINGCHIM CHADEY,Village Panchayat,NORTH DISTRICT,,168849,3,Tadong,Tadong,
257850,TINGCHIM CHADEY,Village Panchayat,NORTH DISTRICT,,168850,4,Rangrang,Rangrang,
257850,TINGCHIM CHADEY,Village Panchayat,NORTH DISTRICT,,168851,5,Chadey,Chadey,
254855,TINGVONG,Village Panchayat,NORTH DISTRICT,,121377,1,Tingvong,,
254855,TINGVONG,Village Panchayat,NORTH DISTRICT,,121378,2,Namprik,,
254855,TINGVONG,Village Panchayat,NORTH DISTRICT,,121379,3,Linko,,
254855,TINGVONG,Village Panchayat,NORTH DISTRICT,,121380,4,Kusung,,
254855,TINGVONG,Village Panchayat,NORTH DISTRICT,,121381,5,Nung,,
254858,TOONG NAGA,Village Panchayat,NORTH DISTRICT,,168853,1,Khimrong,Singchit Nadak Gumpa,
254858,TOONG NAGA,Village Panchayat,NORTH DISTRICT,,168854,2,Nadey,Nadey,
254858,TOONG NAGA,Village Panchayat,NORTH DISTRICT,,168855,3,Manul,Manul,
254858,TOONG NAGA,Village Panchayat,NORTH DISTRICT,,168856,4,Meyong,Meyong,
254858,TOONG NAGA,Village Panchayat,NORTH DISTRICT,,168857,5,Rel,Rel,
254858,TOONG NAGA,Village Panchayat,NORTH DISTRICT,,168858,6,Naga Namgor,Naga Namgor,
254858,TOONG NAGA,Village Panchayat,NORTH DISTRICT,,168859,7,Toong,Tung,
254711,ASSANGTHANG,Village Panchayat,SOUTH DISTRICT,,121577,1,Upper Assangthang,,
254711,ASSANGTHANG,Village Panchayat,SOUTH DISTRICT,,121578,2,Lower Assangthang,,
254711,ASSANGTHANG,Village Panchayat,SOUTH DISTRICT,,121579,3,Sangbong,,
254711,ASSANGTHANG,Village Panchayat,SOUTH DISTRICT,,121580,4,Sangbong Ahley,,
254711,ASSANGTHANG,Village Panchayat,SOUTH DISTRICT,,121581,5,Sangbong Ranigaon,,
254714,BARFUNG ZARUNG,Village Panchayat,SOUTH DISTRICT,,121664,1,Barfung,Doling Rikzin Lonoyang Gumpa,
254714,BARFUNG ZARUNG,Village Panchayat,SOUTH DISTRICT,,121665,2,Upper Barfung,,
254714,BARFUNG ZARUNG,Village Panchayat,SOUTH DISTRICT,,121667,3,Anethang,,
254714,BARFUNG ZARUNG,Village Panchayat,SOUTH DISTRICT,,121669,4,Zarung,,
254714,BARFUNG ZARUNG,Village Panchayat,SOUTH DISTRICT,,121679,6,Upper Deythang,,
254714,BARFUNG ZARUNG,Village Panchayat,SOUTH DISTRICT,,121680,7,Lower Deythang,,
254714,BARFUNG ZARUNG,Village Panchayat,SOUTH DISTRICT,,121693,5,Bering,,
254715,BARNAYAK TOKAL,Village Panchayat,SOUTH DISTRICT,,121466,1,Barnayak,,
254715,BARNAYAK TOKAL,Village Panchayat,SOUTH DISTRICT,,121467,2,Thangsing,Barnyak Wosel Choling Gumpa,
254715,BARNAYAK TOKAL,Village Panchayat,SOUTH DISTRICT,,121468,3,Tokdey,Reshap,
254715,BARNAYAK TOKAL,Village Panchayat,SOUTH DISTRICT,,121469,4,Lower Tokal,,
254715,BARNAYAK TOKAL,Village Panchayat,SOUTH DISTRICT,,121470,5,Upper Tokal,,
254716,BEN NAMPRIK,Village Panchayat,SOUTH DISTRICT,,121443,1,Poku,,
254716,BEN NAMPRIK,Village Panchayat,SOUTH DISTRICT,,121444,2,Nambung,,
254716,BEN NAMPRIK,Village Panchayat,SOUTH DISTRICT,,121445,3,Rolak Kabey,,
254716,BEN NAMPRIK,Village Panchayat,SOUTH DISTRICT,,121446,4,Simchuthang Manglay,,
254716,BEN NAMPRIK,Village Panchayat,SOUTH DISTRICT,,121447,5,Deu Simkhara,,
254716,BEN NAMPRIK,Village Panchayat,SOUTH DISTRICT,,121448,6,Daragaon Dentam,,
254716,BEN NAMPRIK,Village Panchayat,SOUTH DISTRICT,,121450,7,Namprik,,
276342,Boomtar Salleybong,Village Panchayat,SOUTH DISTRICT,,1281547,1,Boomtar Tansang,,
276342,Boomtar Salleybong,Village Panchayat,SOUTH DISTRICT,,1281548,2,Boomtar Tadong,,
276342,Boomtar Salleybong,Village Panchayat,SOUTH DISTRICT,,1281549,3,Upper Salleybong,,
276342,Boomtar Salleybong,Village Panchayat,SOUTH DISTRICT,,1281550,4,Lower Salleybong,,
276342,Boomtar Salleybong,Village Panchayat,SOUTH DISTRICT,,1281551,5,Tinzir,,
254719,BORONG PHAMTHANG,Village Panchayat,SOUTH DISTRICT,,121687,1,Upper Borong,,
254719,BORONG PHAMTHANG,Village Panchayat,SOUTH DISTRICT,,121688,2,Lower Borong,,
254719,BORONG PHAMTHANG,Village Panchayat,SOUTH DISTRICT,,121689,3,Upper Polok,,
254719,BORONG PHAMTHANG,Village Panchayat,SOUTH DISTRICT,,121690,4,Lower Polok,,
254719,BORONG PHAMTHANG,Village Panchayat,SOUTH DISTRICT,,121691,5,Sada,,
254719,BORONG PHAMTHANG,Village Panchayat,SOUTH DISTRICT,,121692,6,Phamthang,,
254726,CHUBA PHONG,Village Panchayat,SOUTH DISTRICT,,121481,1,Upper Chuba,,
254726,CHUBA PHONG,Village Panchayat,SOUTH DISTRICT,,121482,2,Middle Chuba,,
254726,CHUBA PHONG,Village Panchayat,SOUTH DISTRICT,,121483,3,Lower Chuba,,
254726,CHUBA PHONG,Village Panchayat,SOUTH DISTRICT,,121484,4,Upper Phong,,
254726,CHUBA PHONG,Village Panchayat,SOUTH DISTRICT,,121485,5,Middle Phong,,
254726,CHUBA PHONG,Village Panchayat,SOUTH DISTRICT,,121486,6,Lower Phong,,
254729,DAMTHANG,Village Panchayat,SOUTH DISTRICT,,121601,1,Damthang Pakchey,,
254729,DAMTHANG,Village Panchayat,SOUTH DISTRICT,,121602,2,Damthang Punzitar,,
254729,DAMTHANG,Village Panchayat,SOUTH DISTRICT,,121603,3,Upper Jaubari,Dharey,
254729,DAMTHANG,Village Panchayat,SOUTH DISTRICT,,121604,4,Lower Jaubari,Chiyadara,
254729,DAMTHANG,Village Panchayat,SOUTH DISTRICT,,121605,5,Chemchey,,
254779,KATENG PAMPHOK,Village Panchayat,SOUTH DISTRICT,,121494,1,Upper Kateng,,
254779,KATENG PAMPHOK,Village Panchayat,SOUTH DISTRICT,,121495,2,Lower Kateng,,
254779,KATENG PAMPHOK,Village Panchayat,SOUTH DISTRICT,,121496,3,Upper Bokrang,,
254779,KATENG PAMPHOK,Village Panchayat,SOUTH DISTRICT,,121497,4,Lower Bokrong,,
254779,KATENG PAMPHOK,Village Panchayat,SOUTH DISTRICT,,121498,5,Upper Pamphok,,
254779,KATENG PAMPHOK,Village Panchayat,SOUTH DISTRICT,,121499,6,Lower Pamphok,,
254746,KEWZING BAKHIM,Village Panchayat,SOUTH DISTRICT,,121656,1,Bakhim,,
254746,KEWZING BAKHIM,Village Panchayat,SOUTH DISTRICT,,121658,2,Tangey Mendang,,
254746,KEWZING BAKHIM,Village Panchayat,SOUTH DISTRICT,,121660,3,Kewzing,Kewzing Mangbrue Gumpa,
254746,KEWZING BAKHIM,Village Panchayat,SOUTH DISTRICT,,121662,4,samsing,,
254746,KEWZING BAKHIM,Village Panchayat,SOUTH DISTRICT,,121663,5,Chujachen,,
254746,KEWZING BAKHIM,Village Panchayat,SOUTH DISTRICT,,1282558,6,Lingzo,,
254746,KEWZING BAKHIM,Village Panchayat,SOUTH DISTRICT,,1282559,7,Dalep,,
254778,KITAM MANPUR,Village Panchayat,SOUTH DISTRICT,,121561,1,Upper Kitam,,
254778,KITAM MANPUR,Village Panchayat,SOUTH DISTRICT,,121562,2,Middle Kitam,,
254778,KITAM MANPUR,Village Panchayat,SOUTH DISTRICT,,121563,3,Lower Kitam,,
254778,KITAM MANPUR,Village Panchayat,SOUTH DISTRICT,,121564,4,Belbotey,,
254778,KITAM MANPUR,Village Panchayat,SOUTH DISTRICT,,121565,5,Manpur,,
254758,KOLTHANG TOKDAY,Village Panchayat,SOUTH DISTRICT,,604669,1,Upper Kolthang,,
254758,KOLTHANG TOKDAY,Village Panchayat,SOUTH DISTRICT,,604670,2,Middle Kolthang,,
254758,KOLTHANG TOKDAY,Village Panchayat,SOUTH DISTRICT,,604671,3,Lower Kolthang,,
254758,KOLTHANG TOKDAY,Village Panchayat,SOUTH DISTRICT,,604715,4,Upper Tokdey,,
254758,KOLTHANG TOKDAY,Village Panchayat,SOUTH DISTRICT,,604716,5,Lower Tokdey,,
254752,LAMTING TINGMO,Village Panchayat,SOUTH DISTRICT,,121646,1,Tingmo,,
254752,LAMTING TINGMO,Village Panchayat,SOUTH DISTRICT,,121647,2,Bering,,
254752,LAMTING TINGMO,Village Panchayat,SOUTH DISTRICT,,121648,3,Lamting,,
254752,LAMTING TINGMO,Village Panchayat,SOUTH DISTRICT,,121649,4,Mangbrue,,
254752,LAMTING TINGMO,Village Panchayat,SOUTH DISTRICT,,121650,5,Hingdam,,
254754,LEGSHIP,Village Panchayat,SOUTH DISTRICT,,121651,1,Upper Legship,,
254754,LEGSHIP,Village Panchayat,SOUTH DISTRICT,,121652,2,Lower Legship,,
254754,LEGSHIP,Village Panchayat,SOUTH DISTRICT,,121653,3,Nordang,,
254754,LEGSHIP,Village Panchayat,SOUTH DISTRICT,,121654,4,Upper Dhargaon,,
254754,LEGSHIP,Village Panchayat,SOUTH DISTRICT,,121655,5,Lower Dhargaon,,
254757,LINGI,Village Panchayat,SOUTH DISTRICT,,121409,1,Upper Lingi,Lingi Phagyal Gumpa,
254757,LINGI,Village Panchayat,SOUTH DISTRICT,,121410,2,Middle Lingi,,
254757,LINGI,Village Panchayat,SOUTH DISTRICT,,121411,3,Lower Lingi,,
254757,LINGI,Village Panchayat,SOUTH DISTRICT,,121412,4,Sumshi,,
254757,LINGI,Village Panchayat,SOUTH DISTRICT,,121413,5,Maidam,,
254766,LUNGCHOK KAMAREY,Village Panchayat,SOUTH DISTRICT,,121538,1,Lungchok,,
254766,LUNGCHOK KAMAREY,Village Panchayat,SOUTH DISTRICT,,121539,2,Lungchok Rolu,,
254766,LUNGCHOK KAMAREY,Village Panchayat,SOUTH DISTRICT,,121540,3,Mungrang,,
254766,LUNGCHOK KAMAREY,Village Panchayat,SOUTH DISTRICT,,121541,4,Kamarey,,
254766,LUNGCHOK KAMAREY,Village Panchayat,SOUTH DISTRICT,,121542,5,Belbotey,,
254766,LUNGCHOK KAMAREY,Village Panchayat,SOUTH DISTRICT,,121543,6,Tharpu,,
254769,MAMLEY KAMRANG,Village Panchayat,SOUTH DISTRICT,,121592,1,Upper Mamley,,
254769,MAMLEY KAMRANG,Village Panchayat,SOUTH DISTRICT,,121593,2,lower Mamley,,
254769,MAMLEY KAMRANG,Village Panchayat,SOUTH DISTRICT,,121594,3,Upper Kamrang,,
254769,MAMLEY KAMRANG,Village Panchayat,SOUTH DISTRICT,,121595,4,Middle Kamrang,,
254769,MAMLEY KAMRANG,Village Panchayat,SOUTH DISTRICT,,121596,5,Lower Kamrang,,
254772,MANIRAM PHALIDARA,Village Panchayat,SOUTH DISTRICT,,121555,1,Upper Phalidara,,
254772,MANIRAM PHALIDARA,Village Panchayat,SOUTH DISTRICT,,121556,2,Middle Phalidara,,
254772,MANIRAM PHALIDARA,Village Panchayat,SOUTH DISTRICT,,121557,3,Lower Phalidara,,
254772,MANIRAM PHALIDARA,Village Panchayat,SOUTH DISTRICT,,121558,4,Maniram,,
254772,MANIRAM PHALIDARA,Village Panchayat,SOUTH DISTRICT,,121559,5,Bhanjyang Bazaar,,
254772,MANIRAM PHALIDARA,Village Panchayat,SOUTH DISTRICT,,121560,6,Alley,,
254775,MELLIDARA PAIYONG,Village Panchayat,SOUTH DISTRICT,,121525,1,Mellidara,,
254775,MELLIDARA PAIYONG,Village Panchayat,SOUTH DISTRICT,,121526,2,Melli Gumpa,Tashi Chodarling Gumpa,
254775,MELLIDARA PAIYONG,Village Panchayat,SOUTH DISTRICT,,121527,3,Upper Paiyong,,
254775,MELLIDARA PAIYONG,Village Panchayat,SOUTH DISTRICT,,121528,4,Lower Paiyong,,
254775,MELLIDARA PAIYONG,Village Panchayat,SOUTH DISTRICT,,121529,5,Kerabari,,
254775,MELLIDARA PAIYONG,Village Panchayat,SOUTH DISTRICT,,121530,6,West Melli,,
254775,MELLIDARA PAIYONG,Village Panchayat,SOUTH DISTRICT,,1282556,7,East Melli,,
257852,MIKKHOLA Singithang,Village Panchayat,SOUTH DISTRICT,,604672,1,Upper Mikkhola,,
257852,MIKKHOLA Singithang,Village Panchayat,SOUTH DISTRICT,,604673,2,Lower Mikkhola,,
257852,MIKKHOLA Singithang,Village Panchayat,SOUTH DISTRICT,,604674,3,Upper Kopchey,,
257852,MIKKHOLA Singithang,Village Panchayat,SOUTH DISTRICT,,604675,4,lower Kopchey,,
257852,MIKKHOLA Singithang,Village Panchayat,SOUTH DISTRICT,,604676,5,Singithang,,
257853,NAGI KAREK,Village Panchayat,SOUTH DISTRICT,,604679,1,Nagi,Namthang Borbru Choling Gumpa,
257853,NAGI KAREK,Village Panchayat,SOUTH DISTRICT,,604680,2,Ruchung,,
257853,NAGI KAREK,Village Panchayat,SOUTH DISTRICT,,604711,3,Upper Kabrey,,
257853,NAGI KAREK,Village Panchayat,SOUTH DISTRICT,,604712,4,Lower Kabrey,,
257853,NAGI KAREK,Village Panchayat,SOUTH DISTRICT,,604713,5,Upper Karek,,
257853,NAGI KAREK,Village Panchayat,SOUTH DISTRICT,,604714,6,Lower Karek,,
254783,NAMPHING,Village Panchayat,SOUTH DISTRICT,,121460,1,Daring,,
254783,NAMPHING,Village Panchayat,SOUTH DISTRICT,,121461,2,Namphing,,
254783,NAMPHING,Village Panchayat,SOUTH DISTRICT,,121462,3,Adarsh Goan,,
254783,NAMPHING,Village Panchayat,SOUTH DISTRICT,,121463,4,Rashyap,,
254783,NAMPHING,Village Panchayat,SOUTH DISTRICT,,121464,5,Pabong,Gangchung,
254783,NAMPHING,Village Panchayat,SOUTH DISTRICT,,121465,6,Tshalamthang,,
254771,NAMTHANG MANEYDARA,Village Panchayat,SOUTH DISTRICT,,121487,2,Upper Maneydara,,
254771,NAMTHANG MANEYDARA,Village Panchayat,SOUTH DISTRICT,,121488,3,Lower Maneydara,,
254771,NAMTHANG MANEYDARA,Village Panchayat,SOUTH DISTRICT,,121489,4,Nalam,,
254771,NAMTHANG MANEYDARA,Village Panchayat,SOUTH DISTRICT,,121490,5,Namthang,,
254771,NAMTHANG MANEYDARA,Village Panchayat,SOUTH DISTRICT,,121491,6,Kanamtek,,
254771,NAMTHANG MANEYDARA,Village Panchayat,SOUTH DISTRICT,,121492,7,Ahley,,
254771,NAMTHANG MANEYDARA,Village Panchayat,SOUTH DISTRICT,,121493,8,Kolbong Ward,,
254771,NAMTHANG MANEYDARA,Village Panchayat,SOUTH DISTRICT,,604685,1,Palitam,,
254785,NIYA MANGZING,Village Panchayat,SOUTH DISTRICT,,121419,1,Upper Mangzing,,
254785,NIYA MANGZING,Village Panchayat,SOUTH DISTRICT,,121420,2,Lower Mangzing,,
254785,NIYA MANGZING,Village Panchayat,SOUTH DISTRICT,,121421,3,Upper Niya,,
254785,NIYA MANGZING,Village Panchayat,SOUTH DISTRICT,,121422,4,Lower Niya,,
254785,NIYA MANGZING,Village Panchayat,SOUTH DISTRICT,,121423,5,Brum,,
254788,PAIYONG,Village Panchayat,SOUTH DISTRICT,,121414,1,Chaunreydara,,
254788,PAIYONG,Village Panchayat,SOUTH DISTRICT,,121415,2,Darakharka,,
254788,PAIYONG,Village Panchayat,SOUTH DISTRICT,,121416,3,Tintarbong,,
254788,PAIYONG,Village Panchayat,SOUTH DISTRICT,,121417,4,Badamtam,,
254788,PAIYONG,Village Panchayat,SOUTH DISTRICT,,121418,5,Kau,,
254788,PAIYONG,Village Panchayat,SOUTH DISTRICT,,604688,6,Lingmo,,
254788,PAIYONG,Village Panchayat,SOUTH DISTRICT,,604689,7,Pepthang,,
254792,PERBING DOVAN,Village Panchayat,SOUTH DISTRICT,,121476,1,Upper Perbing,Perbing Gumpa,
254792,PERBING DOVAN,Village Panchayat,SOUTH DISTRICT,,121477,2,Dovan,,
254792,PERBING DOVAN,Village Panchayat,SOUTH DISTRICT,,121478,3,Lower Perbing,,
254792,PERBING DOVAN,Village Panchayat,SOUTH DISTRICT,,121479,4,Perbing Khop,,
254792,PERBING DOVAN,Village Panchayat,SOUTH DISTRICT,,121480,5,Perbing Tar,,
254794,POKLOK DENCHUNG,Village Panchayat,SOUTH DISTRICT,,121582,1,Nandugaon,,
254794,POKLOK DENCHUNG,Village Panchayat,SOUTH DISTRICT,,121583,2,Poklok Samatar,,
254794,POKLOK DENCHUNG,Village Panchayat,SOUTH DISTRICT,,121584,3,Harrabotey,,
254794,POKLOK DENCHUNG,Village Panchayat,SOUTH DISTRICT,,121585,4,Samseybong,,
254794,POKLOK DENCHUNG,Village Panchayat,SOUTH DISTRICT,,121586,5,Denchung,,
254794,POKLOK DENCHUNG,Village Panchayat,SOUTH DISTRICT,,1281424,6,Dong,,
254794,POKLOK DENCHUNG,Village Panchayat,SOUTH DISTRICT,,1281425,7,Sirisey,,
254798,RALONG NAMLUNG,Village Panchayat,SOUTH DISTRICT,,121681,1,Upper Ralong,Ralong Kagyud Gumpa,
254798,RALONG NAMLUNG,Village Panchayat,SOUTH DISTRICT,,121682,2,Lower Ralong,,
254798,RALONG NAMLUNG,Village Panchayat,SOUTH DISTRICT,,121683,3,Lower Namlung,,
254798,RALONG NAMLUNG,Village Panchayat,SOUTH DISTRICT,,121684,4,Upper Namlung,,
254798,RALONG NAMLUNG,Village Panchayat,SOUTH DISTRICT,,121685,5,Magar Dalam,,
254798,RALONG NAMLUNG,Village Panchayat,SOUTH DISTRICT,,121686,6,Lingding,,
254799,RAMENG NIZRAMENG,Village Panchayat,SOUTH DISTRICT,,121471,1,Barul,,
254799,RAMENG NIZRAMENG,Village Panchayat,SOUTH DISTRICT,,121472,2,Rameng,,
254799,RAMENG NIZRAMENG,Village Panchayat,SOUTH DISTRICT,,121473,3,Tinglay,,
254799,RAMENG NIZRAMENG,Village Panchayat,SOUTH DISTRICT,,121474,4,Nizrameng,,
254799,RAMENG NIZRAMENG,Village Panchayat,SOUTH DISTRICT,,121475,5,Dong,,
254802,RATEYPANI,Village Panchayat,SOUTH DISTRICT,,121511,1,Upper Rateypani,,
254802,RATEYPANI,Village Panchayat,SOUTH DISTRICT,,121512,2,Middle Rateypani,,
254802,RATEYPANI,Village Panchayat,SOUTH DISTRICT,,121513,3,Lower Rateypani,,
254802,RATEYPANI,Village Panchayat,SOUTH DISTRICT,,121514,4,Khairbotey,,
254802,RATEYPANI,Village Panchayat,SOUTH DISTRICT,,121515,5,Upper Passi,,
254802,RATEYPANI,Village Panchayat,SOUTH DISTRICT,,121516,6,Lower Passi,,
254796,RAVANG SANGMO,Village Panchayat,SOUTH DISTRICT,,121436,1,Rankey,,
254796,RAVANG SANGMO,Village Panchayat,SOUTH DISTRICT,,121437,2,Ningang,,
254796,RAVANG SANGMO,Village Panchayat,SOUTH DISTRICT,,121438,3,Sangmoo,,
254796,RAVANG SANGMO,Village Panchayat,SOUTH DISTRICT,,121439,4,Upper Gangla,,
254796,RAVANG SANGMO,Village Panchayat,SOUTH DISTRICT,,121440,5,Lower Gangla,,
254796,RAVANG SANGMO,Village Panchayat,SOUTH DISTRICT,,121441,6,Dojok,,
254796,RAVANG SANGMO,Village Panchayat,SOUTH DISTRICT,,121442,7,Golitar,,
254796,RAVANG SANGMO,Village Panchayat,SOUTH DISTRICT,,1281413,8,Khop,,
254811,RONG BUL,Village Panchayat,SOUTH DISTRICT,,121549,1,Rong,,
254811,RONG BUL,Village Panchayat,SOUTH DISTRICT,,121550,2,Lungkhiya,,
254811,RONG BUL,Village Panchayat,SOUTH DISTRICT,,121551,3,Khanigaon,,
254811,RONG BUL,Village Panchayat,SOUTH DISTRICT,,121552,4,Bul,,
254811,RONG BUL,Village Panchayat,SOUTH DISTRICT,,121553,5,Pallum,,
254811,RONG BUL,Village Panchayat,SOUTH DISTRICT,,121554,6,Singtam,,
254815,SADAM SUNTOLEY,Village Panchayat,SOUTH DISTRICT,,121517,1,Upper Sadam,,
254815,SADAM SUNTOLEY,Village Panchayat,SOUTH DISTRICT,,121518,2,Lower Sadam,,
254815,SADAM SUNTOLEY,Village Panchayat,SOUTH DISTRICT,,121519,3,Upper Sukrabarey,,
254815,SADAM SUNTOLEY,Village Panchayat,SOUTH DISTRICT,,121520,4,Lower Sukrabarey,,
254815,SADAM SUNTOLEY,Village Panchayat,SOUTH DISTRICT,,121521,5,Upper Suntoley,,
254815,SADAM SUNTOLEY,Village Panchayat,SOUTH DISTRICT,,121522,6,Lower Suntoley,,
254815,SADAM SUNTOLEY,Village Panchayat,SOUTH DISTRICT,,121523,7,Rabitar,,
254815,SADAM SUNTOLEY,Village Panchayat,SOUTH DISTRICT,,121524,8,Manghim,,
254817,SALGHARI,Village Panchayat,SOUTH DISTRICT,,121572,1,Upper Salghari,,
254817,SALGHARI,Village Panchayat,SOUTH DISTRICT,,121573,2,Lower Salghari,,
254817,SALGHARI,Village Panchayat,SOUTH DISTRICT,,121574,3,Upper Dorop,,
254817,SALGHARI,Village Panchayat,SOUTH DISTRICT,,121575,4,Lower Dorop,,
254817,SALGHARI,Village Panchayat,SOUTH DISTRICT,,121576,5,Dhargaon,,
254823,SANGANATH,Village Panchayat,SOUTH DISTRICT,,121636,1,Subuk Rockland,,
254823,SANGANATH,Village Panchayat,SOUTH DISTRICT,,121637,2,Chekhim,,
254823,SANGANATH,Village Panchayat,SOUTH DISTRICT,,121638,3,Makthang Leeyong,,
254823,SANGANATH,Village Panchayat,SOUTH DISTRICT,,121639,4,Nalick,,
254823,SANGANATH,Village Panchayat,SOUTH DISTRICT,,121640,5,Subuk,,
254835,SOROK SHYAMPANI,Village Panchayat,SOUTH DISTRICT,,121566,1,Sorok,Kitam Samten Choling Gumpa,
254835,SOROK SHYAMPANI,Village Panchayat,SOUTH DISTRICT,,121567,2,Upper Sorok,Bhalukeya,
254835,SOROK SHYAMPANI,Village Panchayat,SOUTH DISTRICT,,121568,3,Upper Gom,,
254835,SOROK SHYAMPANI,Village Panchayat,SOUTH DISTRICT,,121569,4,Lower Gom,,
254835,SOROK SHYAMPANI,Village Panchayat,SOUTH DISTRICT,,121570,5,Mazitar Compound,,
254835,SOROK SHYAMPANI,Village Panchayat,SOUTH DISTRICT,,121571,6,Basiney,,
254835,SOROK SHYAMPANI,Village Panchayat,SOUTH DISTRICT,,1282557,7,Shyamapani,,
254836,SRIPATAM GAGYONG,Village Panchayat,SOUTH DISTRICT,,121424,1,Upper Gagyong,,
254836,SRIPATAM GAGYONG,Village Panchayat,SOUTH DISTRICT,,121425,2,Lower Gagyong,,
254836,SRIPATAM GAGYONG,Village Panchayat,SOUTH DISTRICT,,121426,3,Upper Sripatam,,
254836,SRIPATAM GAGYONG,Village Panchayat,SOUTH DISTRICT,,121427,4,Lower Sripatam,,
254836,SRIPATAM GAGYONG,Village Panchayat,SOUTH DISTRICT,,121428,5,Namphok,,
254836,SRIPATAM GAGYONG,Village Panchayat,SOUTH DISTRICT,,121429,6,Mengli,,
254839,SUMBUK KARTIKEY,Village Panchayat,SOUTH DISTRICT,,121544,1,Sumbuk,,
254839,SUMBUK KARTIKEY,Village Panchayat,SOUTH DISTRICT,,121545,2,Sombarey,,
254839,SUMBUK KARTIKEY,Village Panchayat,SOUTH DISTRICT,,121546,3,Shyamdas,,
254839,SUMBUK KARTIKEY,Village Panchayat,SOUTH DISTRICT,,121547,4,Duwareygaon,,
254839,SUMBUK KARTIKEY,Village Panchayat,SOUTH DISTRICT,,121548,5,Suntaley,,
254843,TANGZI BIKMAT,Village Panchayat,SOUTH DISTRICT,,121506,1,Upper Rabikhola,,
254843,TANGZI BIKMAT,Village Panchayat,SOUTH DISTRICT,,121507,2,Lower Rabikhola,,
254843,TANGZI BIKMAT,Village Panchayat,SOUTH DISTRICT,,121508,3,Tangzi,,
254843,TANGZI BIKMAT,Village Panchayat,SOUTH DISTRICT,,121509,4,Suiram,,
254843,TANGZI BIKMAT,Village Panchayat,SOUTH DISTRICT,,121510,5,Ramaram,,
254843,TANGZI BIKMAT,Village Panchayat,SOUTH DISTRICT,,1281920,6,Bikmat,,
254843,TANGZI BIKMAT,Village Panchayat,SOUTH DISTRICT,,1281921,7,Paiyongram,,
254844,TARKU,Village Panchayat,SOUTH DISTRICT,,121454,1,Upper Tarku,,
254844,TARKU,Village Panchayat,SOUTH DISTRICT,,121455,2,Middle Tarku,,
254844,TARKU,Village Panchayat,SOUTH DISTRICT,,121456,3,Kamar Gaon,,
254844,TARKU,Village Panchayat,SOUTH DISTRICT,,121457,4,Lower Tarku,,
254844,TARKU,Village Panchayat,SOUTH DISTRICT,,121458,5,Upper Tanak,,
254844,TARKU,Village Panchayat,SOUTH DISTRICT,,121459,6,Lower Tanak,,
254848,TEMI,Village Panchayat,SOUTH DISTRICT,,121449,1,Lower Timi,,
254848,TEMI,Village Panchayat,SOUTH DISTRICT,,121451,2,Upper Temi,,
254848,TEMI,Village Panchayat,SOUTH DISTRICT,,121452,3,Aifaltar,,
254848,TEMI,Village Panchayat,SOUTH DISTRICT,,121453,6,Gangchung,,
254848,TEMI,Village Panchayat,SOUTH DISTRICT,,121832,4,Upper Temi Tea Estate,,
254848,TEMI,Village Panchayat,SOUTH DISTRICT,,121833,5,Lower Temi Tea Estate,,
254854,TINGRITHANG,Village Panchayat,SOUTH DISTRICT,,121597,1,Upper Tingrithang,,
254854,TINGRITHANG,Village Panchayat,SOUTH DISTRICT,,121598,2,Lower Tingrithang,,
254854,TINGRITHANG,Village Panchayat,SOUTH DISTRICT,,121599,4,Kholaghari,,
254854,TINGRITHANG,Village Panchayat,SOUTH DISTRICT,,121600,5,Pakjer,,
254854,TINGRITHANG,Village Panchayat,SOUTH DISTRICT,,153684,3,Pabong,Pabong,
254856,TINIK CHISOPANI,Village Panchayat,SOUTH DISTRICT,,121588,1,Tinik,,
254856,TINIK CHISOPANI,Village Panchayat,SOUTH DISTRICT,,121589,3,Chisopani,,
254856,TINIK CHISOPANI,Village Panchayat,SOUTH DISTRICT,,121590,4,Berbotey,,
254856,TINIK CHISOPANI,Village Panchayat,SOUTH DISTRICT,,121591,5,Ambotey,,
254856,TINIK CHISOPANI,Village Panchayat,SOUTH DISTRICT,,604683,2,Lalshore,,
254857,TINKITAM RAYONG,Village Panchayat,SOUTH DISTRICT,,121641,1,Upper Tinkitam,,
254857,TINKITAM RAYONG,Village Panchayat,SOUTH DISTRICT,,121642,2,Lower Tinkitam,,
254857,TINKITAM RAYONG,Village Panchayat,SOUTH DISTRICT,,121643,3,Nerdang,,
254857,TINKITAM RAYONG,Village Panchayat,SOUTH DISTRICT,,121644,4,Rayong Sardong,,
254857,TINKITAM RAYONG,Village Panchayat,SOUTH DISTRICT,,121645,5,Rayong Pipalay,,
254861,TURUK RAMABUNG,Village Panchayat,SOUTH DISTRICT,,121531,1,Guptigaon,,
254861,TURUK RAMABUNG,Village Panchayat,SOUTH DISTRICT,,121532,2,Belling,,
254861,TURUK RAMABUNG,Village Panchayat,SOUTH DISTRICT,,121533,3,Mangalbarey,,
254861,TURUK RAMABUNG,Village Panchayat,SOUTH DISTRICT,,121534,4,Upper Ramabung,,
254861,TURUK RAMABUNG,Village Panchayat,SOUTH DISTRICT,,121535,5,Lower Ramabung,,
254861,TURUK RAMABUNG,Village Panchayat,SOUTH DISTRICT,,121536,6,Daragaon,,
254861,TURUK RAMABUNG,Village Panchayat,SOUTH DISTRICT,,121537,7,Panchgharey,,
254862,TURUNG MAMRING,Village Panchayat,SOUTH DISTRICT,,121500,1,Kirtipur,,
254862,TURUNG MAMRING,Village Panchayat,SOUTH DISTRICT,,121501,2,Suntolay,Suminkhor,
254862,TURUNG MAMRING,Village Panchayat,SOUTH DISTRICT,,121502,3,Upper Turung,,
254862,TURUNG MAMRING,Village Panchayat,SOUTH DISTRICT,,121503,4,Upper Mamring,,
254862,TURUNG MAMRING,Village Panchayat,SOUTH DISTRICT,,121504,5,Lower Mamring,,
254862,TURUNG MAMRING,Village Panchayat,SOUTH DISTRICT,,121505,6,Donak,,
254864,WOK OMCHU,Village Panchayat,SOUTH DISTRICT,,121606,1,Lower Wok,,
254864,WOK OMCHU,Village Panchayat,SOUTH DISTRICT,,121607,2,Upper Wok,Wok Gumpa,
254864,WOK OMCHU,Village Panchayat,SOUTH DISTRICT,,121608,3,Upper Omchu,,
254864,WOK OMCHU,Village Panchayat,SOUTH DISTRICT,,121609,4,Lower Omchu,,
254864,WOK OMCHU,Village Panchayat,SOUTH DISTRICT,,121610,5,Upper Chumlok,,
254864,WOK OMCHU,Village Panchayat,SOUTH DISTRICT,,121611,6,Lower Chumlok,,
254866,YANGANG RANGANG,Village Panchayat,SOUTH DISTRICT,,121430,1,Upper Rangang,,
254866,YANGANG RANGANG,Village Panchayat,SOUTH DISTRICT,,121431,2,Lower Rangang,,
254866,YANGANG RANGANG,Village Panchayat,SOUTH DISTRICT,,121432,3,Pathing,,
254866,YANGANG RANGANG,Village Panchayat,SOUTH DISTRICT,,121433,4,Yangang,Yangang Gumpa,
254866,YANGANG RANGANG,Village Panchayat,SOUTH DISTRICT,,121434,5,Satam,,
254866,YANGANG RANGANG,Village Panchayat,SOUTH DISTRICT,,121435,6,Samruk,,
254709,ARITHANG CHONGRONG,Village Panchayat,WEST DISTRICT,,120953,1,Upper Chongrong,,
254709,ARITHANG CHONGRONG,Village Panchayat,WEST DISTRICT,,120954,2,Middle Chongrong,,
254709,ARITHANG CHONGRONG,Village Panchayat,WEST DISTRICT,,120955,3,Lower Chongrong,,
254709,ARITHANG CHONGRONG,Village Panchayat,WEST DISTRICT,,120956,4,Nesa,,
254709,ARITHANG CHONGRONG,Village Panchayat,WEST DISTRICT,,120957,5,Arithang,,
254718,BERMIOK BARTHANG,Village Panchayat,WEST DISTRICT,,121071,1,Bermiok,,
254718,BERMIOK BARTHANG,Village Panchayat,WEST DISTRICT,,121072,2,Sambok 13th Mile,,
254718,BERMIOK BARTHANG,Village Panchayat,WEST DISTRICT,,121073,3,Bermiok Daragaon,,
254718,BERMIOK BARTHANG,Village Panchayat,WEST DISTRICT,,121074,4,Upper Berthang,,
254718,BERMIOK BARTHANG,Village Panchayat,WEST DISTRICT,,121075,5,Ratamatey Tangsing,,
254718,BERMIOK BARTHANG,Village Panchayat,WEST DISTRICT,,121076,6,Barthang Rungdu,,
276343,BHUDANG,Village Panchayat,WEST DISTRICT,,1281587,1,Daragoan,,
276343,BHUDANG,Village Panchayat,WEST DISTRICT,,1281588,2,Shantigram,,
276343,BHUDANG,Village Panchayat,WEST DISTRICT,,1281589,3,8th Mile Budang,,
276343,BHUDANG,Village Panchayat,WEST DISTRICT,,1281590,4,Budang,,
276343,BHUDANG,Village Panchayat,WEST DISTRICT,,1281591,5,Rawat Goan,,
254712,BONGTEN SAPONG,Village Panchayat,WEST DISTRICT,,121023,1,Srinagi,,
254712,BONGTEN SAPONG,Village Panchayat,WEST DISTRICT,,121024,2,Som,,
254712,BONGTEN SAPONG,Village Panchayat,WEST DISTRICT,,121025,3,Lower Sapong,,
254712,BONGTEN SAPONG,Village Panchayat,WEST DISTRICT,,121026,4,Upper Sapong,,
254712,BONGTEN SAPONG,Village Panchayat,WEST DISTRICT,,121027,5,Upper Bongten,,
254712,BONGTEN SAPONG,Village Panchayat,WEST DISTRICT,,121028,6,Lower Bongten,,
254720,BURIKHOP,Village Panchayat,WEST DISTRICT,,121266,1,Upper Burikhop,,
254720,BURIKHOP,Village Panchayat,WEST DISTRICT,,121267,2,Burikhop Bichgaon,,
254720,BURIKHOP,Village Panchayat,WEST DISTRICT,,121268,3,Lower Burikhop,,
254720,BURIKHOP,Village Panchayat,WEST DISTRICT,,121269,4,Burikhop Rengeng,,
254720,BURIKHOP,Village Panchayat,WEST DISTRICT,,121270,5,Burikhop Ghattey,,
254722,CHAKUNG,Village Panchayat,WEST DISTRICT,,121208,1,Durpiney Rumbuk,Chakung Gumpa,
254722,CHAKUNG,Village Panchayat,WEST DISTRICT,,121209,2,Gumpa Lepcha Gaon,,
254722,CHAKUNG,Village Panchayat,WEST DISTRICT,,121210,3,Middle Chakung,,
254722,CHAKUNG,Village Panchayat,WEST DISTRICT,,121211,4,Naga Mandir Ahaley,,
254722,CHAKUNG,Village Panchayat,WEST DISTRICT,,121212,5,Sadgu Gaon Puchar Gaon,,
254722,CHAKUNG,Village Panchayat,WEST DISTRICT,,121213,6,Bhasmey Simkuna,,
254724,CHINGTHANG,Village Panchayat,WEST DISTRICT,,121077,1,Yangsum,,
254724,CHINGTHANG,Village Panchayat,WEST DISTRICT,,121078,2,Barfok,,
254724,CHINGTHANG,Village Panchayat,WEST DISTRICT,,121079,3,Nazoor Tinkatery,,
254724,CHINGTHANG,Village Panchayat,WEST DISTRICT,,121080,4,Chingthang,,
254724,CHINGTHANG,Village Panchayat,WEST DISTRICT,,121082,5,Meyong,,
254724,CHINGTHANG,Village Panchayat,WEST DISTRICT,,121083,6,Megyong,,
254725,CHOTA SAMDONG ARUBOTEY,Village Panchayat,WEST DISTRICT,,121195,1,Mazua Tamthok,,
254725,CHOTA SAMDONG ARUBOTEY,Village Panchayat,WEST DISTRICT,,121196,2,Tamthok Arubotey,,
254725,CHOTA SAMDONG ARUBOTEY,Village Panchayat,WEST DISTRICT,,121197,3,Lower Chota Samdong,,
254725,CHOTA SAMDONG ARUBOTEY,Village Panchayat,WEST DISTRICT,,121198,4,Middle Chota Samdong,,
254725,CHOTA SAMDONG ARUBOTEY,Village Panchayat,WEST DISTRICT,,121199,5,Dewani Tar,,
254728,CHUMBONG,Village Panchayat,WEST DISTRICT,,121219,1,Asyong Sajbotey,,
254728,CHUMBONG,Village Panchayat,WEST DISTRICT,,121220,2,Singrep Torkigaon,,
254728,CHUMBONG,Village Panchayat,WEST DISTRICT,,121221,3,Talegaon Chumbong,,
254728,CHUMBONG,Village Panchayat,WEST DISTRICT,,121222,4,Sigret Sadhugaon,,
254728,CHUMBONG,Village Panchayat,WEST DISTRICT,,121223,5,Budang,,
254728,CHUMBONG,Village Panchayat,WEST DISTRICT,,121224,6,Sipsu Malthek,,
254730,DARAP,Village Panchayat,WEST DISTRICT,,120982,1,Singdrabong,,
254730,DARAP,Village Panchayat,WEST DISTRICT,,120983,2,Tasengthang,,
254730,DARAP,Village Panchayat,WEST DISTRICT,,120984,3,Rimbik,,
254730,DARAP,Village Panchayat,WEST DISTRICT,,120985,4,Nambu,,
254730,DARAP,Village Panchayat,WEST DISTRICT,,120986,5,Singpheng,,
254730,DARAP,Village Panchayat,WEST DISTRICT,,120987,6,Darap,,
254730,DARAP,Village Panchayat,WEST DISTRICT,,120988,7,Darap Kurumpangphay,,
254730,DARAP,Village Panchayat,WEST DISTRICT,,1281474,8,Siddhibung,,
254730,DARAP,Village Panchayat,WEST DISTRICT,,1281475,9,Lagey,,
254731,DENTAM,Village Panchayat,WEST DISTRICT,,121044,1,Upper Begha,,
254731,DENTAM,Village Panchayat,WEST DISTRICT,,121045,2,Middle Begha,,
254731,DENTAM,Village Panchayat,WEST DISTRICT,,121046,3,Gorkhai Gairigaon,,
254731,DENTAM,Village Panchayat,WEST DISTRICT,,121047,4,Takuthang Singshore,,
254731,DENTAM,Village Panchayat,WEST DISTRICT,,121048,5,Upper mangmo,,
254731,DENTAM,Village Panchayat,WEST DISTRICT,,121049,6,Lower Mangmo,,
254731,DENTAM,Village Panchayat,WEST DISTRICT,,121050,7,Dentam,,
254732,DEYTHANG,Village Panchayat,WEST DISTRICT,,121117,1,Sudung,,
254732,DEYTHANG,Village Panchayat,WEST DISTRICT,,121118,2,Dhankutey,,
254732,DEYTHANG,Village Panchayat,WEST DISTRICT,,121120,3,Saurani,,
254732,DEYTHANG,Village Panchayat,WEST DISTRICT,,121122,4,Maneydara,,
254732,DEYTHANG,Village Panchayat,WEST DISTRICT,,121124,5,Samagaon,,
254733,DHUPIDARA NARKHOLA,Village Panchayat,WEST DISTRICT,,120936,1,Pokhri,,
254733,DHUPIDARA NARKHOLA,Village Panchayat,WEST DISTRICT,,120937,2,Narkhola,,
254733,DHUPIDARA NARKHOLA,Village Panchayat,WEST DISTRICT,,120938,3,Rungdung,,
254733,DHUPIDARA NARKHOLA,Village Panchayat,WEST DISTRICT,,120939,4,Upper Dhupidara,,
254733,DHUPIDARA NARKHOLA,Village Panchayat,WEST DISTRICT,,120940,5,Yangtam,,
254733,DHUPIDARA NARKHOLA,Village Panchayat,WEST DISTRICT,,120941,6,Lower Dhupidara,,
254733,DHUPIDARA NARKHOLA,Village Panchayat,WEST DISTRICT,,1287831,7,Semichen,,
254734,DODAK,Village Panchayat,WEST DISTRICT,,121261,1,Gairi Gaon,,
254734,DODAK,Village Panchayat,WEST DISTRICT,,121262,2,Middle Dodak,,
254734,DODAK,Village Panchayat,WEST DISTRICT,,121263,3,Sipai Gaon,,
254734,DODAK,Village Panchayat,WEST DISTRICT,,121264,4,Ahley,,
254734,DODAK,Village Panchayat,WEST DISTRICT,,121265,5,Thongling,,
254821,GELLING BAIGUNEY,Village Panchayat,WEST DISTRICT,,121203,1,UPPER GELLING,UPPER GELLING,
254821,GELLING BAIGUNEY,Village Panchayat,WEST DISTRICT,,121204,2,MIDDLE GELLING,MIDDLE GELLING,
254821,GELLING BAIGUNEY,Village Panchayat,WEST DISTRICT,,121205,3,BARA SAMSING,BARA SAMSING,
254821,GELLING BAIGUNEY,Village Panchayat,WEST DISTRICT,,121206,4,RABUNG,RABUNG,
254821,GELLING BAIGUNEY,Village Panchayat,WEST DISTRICT,,121207,5,BAIGUNEY,BAIGUNEY,
254737,GERETHANG,Village Panchayat,WEST DISTRICT,,120958,1,Upper Gerethang,,
254737,GERETHANG,Village Panchayat,WEST DISTRICT,,120959,2,Tamatam,,
254737,GERETHANG,Village Panchayat,WEST DISTRICT,,120960,3,Lower Gerethang,,
254737,GERETHANG,Village Panchayat,WEST DISTRICT,,120961,4,Upper Labing,Pau Hongn Gumpa,
254737,GERETHANG,Village Panchayat,WEST DISTRICT,,120962,5,Birkuna Lingyang,,
254737,GERETHANG,Village Panchayat,WEST DISTRICT,,120963,6,Lower Labing,,
254739,GYALSHING OMCHUNG,Village Panchayat,WEST DISTRICT,,121001,1,Middle Gyalshing,,
254739,GYALSHING OMCHUNG,Village Panchayat,WEST DISTRICT,,121002,2,Lower Gyalshing,,
254739,GYALSHING OMCHUNG,Village Panchayat,WEST DISTRICT,,121003,3,Malbasay,,
254739,GYALSHING OMCHUNG,Village Panchayat,WEST DISTRICT,,121005,5,Upper Omchung,,
254739,GYALSHING OMCHUNG,Village Panchayat,WEST DISTRICT,,121006,6,Lower Omchung,,
254740,HEE,Village Panchayat,WEST DISTRICT,,121060,1,Hee Yangthang,,
254740,HEE,Village Panchayat,WEST DISTRICT,,121061,2,Hee Goan,,
254740,HEE,Village Panchayat,WEST DISTRICT,,121062,3,Hee Tamabong,,
254740,HEE,Village Panchayat,WEST DISTRICT,,121064,4,Hee Sapong,,
254740,HEE,Village Panchayat,WEST DISTRICT,,121065,5,Hee Kyongbari,,
254744,KARMATAR GITANG,Village Panchayat,WEST DISTRICT,,121029,1,Gitang,,
254744,KARMATAR GITANG,Village Panchayat,WEST DISTRICT,,121030,2,Jhakridunga Parag Goan,,
254744,KARMATAR GITANG,Village Panchayat,WEST DISTRICT,,121031,3,Ferek Milling,,
254744,KARMATAR GITANG,Village Panchayat,WEST DISTRICT,,121032,4,Upper Bullung,,
254744,KARMATAR GITANG,Village Panchayat,WEST DISTRICT,,121033,5,Lower Bullung,,
254744,KARMATAR GITANG,Village Panchayat,WEST DISTRICT,,121034,6,Karmatar,,
254744,KARMATAR GITANG,Village Panchayat,WEST DISTRICT,,121035,7,Liching,,
257849,KARTHOK BOJEK,Village Panchayat,WEST DISTRICT,,604656,1,Upper Yangthang,,
257849,KARTHOK BOJEK,Village Panchayat,WEST DISTRICT,,604657,2,Lower Yangthang,,
257849,KARTHOK BOJEK,Village Panchayat,WEST DISTRICT,,604658,3,Karthok,,
257849,KARTHOK BOJEK,Village Panchayat,WEST DISTRICT,,604659,4,Upper Bojek,,
257849,KARTHOK BOJEK,Village Panchayat,WEST DISTRICT,,604660,5,Lower Bojek,,
254743,KARZI MANGNAM,Village Panchayat,WEST DISTRICT,,120931,1,Mangder,,
254743,KARZI MANGNAM,Village Panchayat,WEST DISTRICT,,120932,2,Upper Mangnam,,
254743,KARZI MANGNAM,Village Panchayat,WEST DISTRICT,,120933,3,Lower Mangnam,,
254743,KARZI MANGNAM,Village Panchayat,WEST DISTRICT,,120934,4,Upper Karzi,,
254743,KARZI MANGNAM,Village Panchayat,WEST DISTRICT,,120935,5,Lower Karzi,,
254748,KHANISERBONG SUNTOLEY,Village Panchayat,WEST DISTRICT,,121190,1,Chikhim,,
254748,KHANISERBONG SUNTOLEY,Village Panchayat,WEST DISTRICT,,121191,2,Kewrani,,
254748,KHANISERBONG SUNTOLEY,Village Panchayat,WEST DISTRICT,,121192,3,Shirbung,,
254748,KHANISERBONG SUNTOLEY,Village Panchayat,WEST DISTRICT,,121193,4,Suntaley,,
254748,KHANISERBONG SUNTOLEY,Village Panchayat,WEST DISTRICT,,121194,5,Hurgaon,,
254749,KONGRI LABDANG,Village Panchayat,WEST DISTRICT,,120942,1,Upper Labdang,,
254749,KONGRI LABDANG,Village Panchayat,WEST DISTRICT,,120943,2,Middle Labdang,,
254749,KONGRI LABDANG,Village Panchayat,WEST DISTRICT,,120944,3,Lower Labdang,,
254749,KONGRI LABDANG,Village Panchayat,WEST DISTRICT,,120945,4,Kongri Naku,,
254749,KONGRI LABDANG,Village Panchayat,WEST DISTRICT,,120946,5,Kongri Maneydara,,
254755,LINGCHOM TIKJYA,Village Panchayat,WEST DISTRICT,,121012,1,Upper Lingchom,,
254755,LINGCHOM TIKJYA,Village Panchayat,WEST DISTRICT,,121013,2,Middle Lingchom,,
254755,LINGCHOM TIKJYA,Village Panchayat,WEST DISTRICT,,121014,3,Lower Lingchom,,
254755,LINGCHOM TIKJYA,Village Panchayat,WEST DISTRICT,,121015,4,Lower Tikjya,,
254755,LINGCHOM TIKJYA,Village Panchayat,WEST DISTRICT,,121016,5,Upper Tikjae,Sangacholing Gumpa,
254763,LOWER FAMBONG,Village Panchayat,WEST DISTRICT,,121288,1,Upper Daramdin,Kothi Gaon,
254763,LOWER FAMBONG,Village Panchayat,WEST DISTRICT,,121290,2,Middle Daramdin,,
254763,LOWER FAMBONG,Village Panchayat,WEST DISTRICT,,121291,3,Lower Dhallam,,
254763,LOWER FAMBONG,Village Panchayat,WEST DISTRICT,,121292,4,Lower Fambong,,
254763,LOWER FAMBONG,Village Panchayat,WEST DISTRICT,,121294,5,Ambotey,,
254763,LOWER FAMBONG,Village Panchayat,WEST DISTRICT,,1281552,6,Ringyang,,
254762,LUNGCHOK SALYANGDANG,Village Panchayat,WEST DISTRICT,,121295,1,Upper Lungchok,,
254762,LUNGCHOK SALYANGDANG,Village Panchayat,WEST DISTRICT,,121296,2,Middle Lungchok,,
254762,LUNGCHOK SALYANGDANG,Village Panchayat,WEST DISTRICT,,121298,3,Nalbogan,,
254762,LUNGCHOK SALYANGDANG,Village Panchayat,WEST DISTRICT,,121299,4,Upper Salyangdang,Gairigaon,
254762,LUNGCHOK SALYANGDANG,Village Panchayat,WEST DISTRICT,,121300,5,Lower Salyangdang,,
254762,LUNGCHOK SALYANGDANG,Village Panchayat,WEST DISTRICT,,1281553,6,Lungyam,,
254767,MABONG SEGENG,Village Panchayat,WEST DISTRICT,,121148,1,Doksing Ghumauney,,
254767,MABONG SEGENG,Village Panchayat,WEST DISTRICT,,121149,2,Upper Mabong,,
254767,MABONG SEGENG,Village Panchayat,WEST DISTRICT,,121152,3,Lower Mabong,,
254767,MABONG SEGENG,Village Panchayat,WEST DISTRICT,,121154,4,Upper Segeng,,
254767,MABONG SEGENG,Village Panchayat,WEST DISTRICT,,121155,5,Middle Segeng,,
254767,MABONG SEGENG,Village Panchayat,WEST DISTRICT,,121156,6,Lower Segeng,,
254768,MALBASAY,Village Panchayat,WEST DISTRICT,,121233,1,Samthang,,
254768,MALBASAY,Village Panchayat,WEST DISTRICT,,121234,2,Lower Samthang,,
254768,MALBASAY,Village Panchayat,WEST DISTRICT,,121235,3,Malbasay,,
254768,MALBASAY,Village Panchayat,WEST DISTRICT,,121236,4,Thulogoan,,
254768,MALBASAY,Village Panchayat,WEST DISTRICT,,121237,5,Upper Pakkigaon,,
254770,MANEYBUNG,Village Panchayat,WEST DISTRICT,,121036,1,Lower Mukrung Lungyok,,
254770,MANEYBUNG,Village Panchayat,WEST DISTRICT,,121037,2,Borbotey Simbolay,,
254770,MANEYBUNG,Village Panchayat,WEST DISTRICT,,121038,3,Bundukey Kenthong,,
254770,MANEYBUNG,Village Panchayat,WEST DISTRICT,,121039,4,Simphok,,
254770,MANEYBUNG,Village Panchayat,WEST DISTRICT,,121040,5,Gumbadara,,
254770,MANEYBUNG,Village Panchayat,WEST DISTRICT,,121041,6,Sangdara,,
254770,MANEYBUNG,Village Panchayat,WEST DISTRICT,,121042,7,Upper Mukrung,,
276344,Mangsari Mangarjung,Village Panchayat,WEST DISTRICT,,1281621,1,Nesur Goan,,
276344,Mangsari Mangarjung,Village Panchayat,WEST DISTRICT,,1281622,2,Suntaley Bagan Bari,,
276344,Mangsari Mangarjung,Village Panchayat,WEST DISTRICT,,1281623,3,Dokan Dara Mangarjung,,
276344,Mangsari Mangarjung,Village Panchayat,WEST DISTRICT,,1281624,4,Katarey- Kharpani,,
276344,Mangsari Mangarjung,Village Panchayat,WEST DISTRICT,,1281625,5,Mangsari,,
254791,MARTAM,Village Panchayat,WEST DISTRICT,,121066,1,Martam Sherpagaon,,
254791,MARTAM,Village Panchayat,WEST DISTRICT,,121067,2,Martam Srijunga,,
254791,MARTAM,Village Panchayat,WEST DISTRICT,,121068,3,Martam Rafong,,
254791,MARTAM,Village Panchayat,WEST DISTRICT,,121069,4,Arithang Daragoan,,
254791,MARTAM,Village Panchayat,WEST DISTRICT,,121070,5,Martam Ghaiyabari,,
254774,MELI ACHING,Village Panchayat,WEST DISTRICT,,120975,1,Upper Meli,Meli Gumpa,
254774,MELI ACHING,Village Panchayat,WEST DISTRICT,,120976,2,Lower Meli,,
254774,MELI ACHING,Village Panchayat,WEST DISTRICT,,120977,3,Lower Meli Thathang,,
254774,MELI ACHING,Village Panchayat,WEST DISTRICT,,120978,4,Meli Gumpa,,
254774,MELI ACHING,Village Panchayat,WEST DISTRICT,,120979,5,Meli Aching,,
254777,MENDOGAON BERBOTEY,Village Panchayat,WEST DISTRICT,,121214,1,Ranbirey Gowalagaon,,
254777,MENDOGAON BERBOTEY,Village Panchayat,WEST DISTRICT,,121215,2,Rupsang Bitteygaon,,
254777,MENDOGAON BERBOTEY,Village Panchayat,WEST DISTRICT,,121216,3,Berbotey Khari Khola,,
254777,MENDOGAON BERBOTEY,Village Panchayat,WEST DISTRICT,,121217,4,Chargharey Jaktugaon,,
254777,MENDOGAON BERBOTEY,Village Panchayat,WEST DISTRICT,,121218,5,Mendogaon,,
254786,OKHREY,Village Panchayat,WEST DISTRICT,,121308,1,Upper Okhrey,,
254786,OKHREY,Village Panchayat,WEST DISTRICT,,121309,2,Middle Okhrey,,
254786,OKHREY,Village Panchayat,WEST DISTRICT,,121310,3,Lower Okhrey,,
254786,OKHREY,Village Panchayat,WEST DISTRICT,,121311,4,Pureytar,,
254786,OKHREY,Village Panchayat,WEST DISTRICT,,121312,5,Chyangbagaon,,
254786,OKHREY,Village Panchayat,WEST DISTRICT,,1281573,6,Lattaytar,,
276340,PARENGOAN GP,Village Panchayat,WEST DISTRICT,,1281537,1,Reshi,,
276340,PARENGOAN GP,Village Panchayat,WEST DISTRICT,,1281538,2,Upper Parengoan,,
276340,PARENGOAN GP,Village Panchayat,WEST DISTRICT,,1281539,3,Gurasey,,
276340,PARENGOAN GP,Village Panchayat,WEST DISTRICT,,1281540,4,Upper Jhusinthang,,
276340,PARENGOAN GP,Village Panchayat,WEST DISTRICT,,1281541,5,Lower Jhusinthang,,
257848,PECHEREK HEE PATAL,Village Panchayat,WEST DISTRICT,,604661,1,Bijanbari Dorok,,
257848,PECHEREK HEE PATAL,Village Panchayat,WEST DISTRICT,,604662,2,Hee Patal,,
257848,PECHEREK HEE PATAL,Village Panchayat,WEST DISTRICT,,604663,3,Upper Pechrek,,
257848,PECHEREK HEE PATAL,Village Panchayat,WEST DISTRICT,,604664,4,Lower Pechrek,,
257848,PECHEREK HEE PATAL,Village Panchayat,WEST DISTRICT,,604665,5,Majhgaon,,
254807,RIBDI BHARENG,Village Panchayat,WEST DISTRICT,,121313,1,Khope Rametay,,
254807,RIBDI BHARENG,Village Panchayat,WEST DISTRICT,,121314,2,Lower Ribdi,,
254807,RIBDI BHARENG,Village Panchayat,WEST DISTRICT,,121315,3,Upper Ribdi,,
254807,RIBDI BHARENG,Village Panchayat,WEST DISTRICT,,121316,4,Lower Bhareng,,
254807,RIBDI BHARENG,Village Panchayat,WEST DISTRICT,,121317,5,Ribdi Meggi,,
254807,RIBDI BHARENG,Village Panchayat,WEST DISTRICT,,1281578,6,Upper Bhareng,,
276336,Rimbi Tingbrum,Village Panchayat,WEST DISTRICT,,1281488,1,Boom,,
276336,Rimbi Tingbrum,Village Panchayat,WEST DISTRICT,,1281489,2,Singlitam,,
276336,Rimbi Tingbrum,Village Panchayat,WEST DISTRICT,,1281490,3,Rimbi,,
276336,Rimbi Tingbrum,Village Panchayat,WEST DISTRICT,,1281491,4,Tingbrum,,
276336,Rimbi Tingbrum,Village Panchayat,WEST DISTRICT,,1281492,5,Topung,,
254814,RUMBUK,Village Panchayat,WEST DISTRICT,,121271,1,Upper Rumbuk,,
254814,RUMBUK,Village Panchayat,WEST DISTRICT,,121272,2,Middle Rumbuk,,
254814,RUMBUK,Village Panchayat,WEST DISTRICT,,121273,3,Lower Rumbuk,,
254814,RUMBUK,Village Panchayat,WEST DISTRICT,,121274,4,Burikhop Tarebhir,,
254814,RUMBUK,Village Panchayat,WEST DISTRICT,,121275,5,Burikhop Nasa,,
254814,RUMBUK,Village Panchayat,WEST DISTRICT,,121276,6,Burikhop Munewgaon,,
254818,SAMDONG,Village Panchayat,WEST DISTRICT,,121107,1,Boom,,
254818,SAMDONG,Village Panchayat,WEST DISTRICT,,121108,2,Reshi,,
254818,SAMDONG,Village Panchayat,WEST DISTRICT,,121110,3,Bara Samdong Dokshing,,
254818,SAMDONG,Village Panchayat,WEST DISTRICT,,121112,4,Bara Samdong Buksam,,
254818,SAMDONG,Village Panchayat,WEST DISTRICT,,121114,5,Bara Samdong Ramidham,,
254818,SAMDONG,Village Panchayat,WEST DISTRICT,,121115,6,Sribadam A,,
254818,SAMDONG,Village Panchayat,WEST DISTRICT,,1281493,7,Sribadam B,,
276341,SAMSING PIPALAY,Village Panchayat,WEST DISTRICT,,1298182,1,SAMSING,,
276341,SAMSING PIPALAY,Village Panchayat,WEST DISTRICT,,1298183,2,SAWALI GOAN,,
276341,SAMSING PIPALAY,Village Panchayat,WEST DISTRICT,,1298184,3,SUBITAR,,
276341,SAMSING PIPALAY,Village Panchayat,WEST DISTRICT,,1298185,4,BASHMAY,,
276341,SAMSING PIPALAY,Village Panchayat,WEST DISTRICT,,1298186,5,PIPALAY,,
254822,SANGADORJI,Village Panchayat,WEST DISTRICT,,121085,1,Sangadorji,,
254822,SANGADORJI,Village Panchayat,WEST DISTRICT,,121087,2,Namgoan,,
254822,SANGADORJI,Village Panchayat,WEST DISTRICT,,121088,3,Jeel,,
254822,SANGADORJI,Village Panchayat,WEST DISTRICT,,121090,4,Ringlhap,,
254822,SANGADORJI,Village Panchayat,WEST DISTRICT,,121092,5,Hathidunga,,
254824,SANGKHU RADUKHANDU,Village Panchayat,WEST DISTRICT,,121051,1,Upper Sangkhu,,
254824,SANGKHU RADUKHANDU,Village Panchayat,WEST DISTRICT,,121052,2,Lower Sangkhu,,
254824,SANGKHU RADUKHANDU,Village Panchayat,WEST DISTRICT,,121053,3,Middle Sangkhu,,
254824,SANGKHU RADUKHANDU,Village Panchayat,WEST DISTRICT,,121054,4,Upper Khandu,,
254824,SANGKHU RADUKHANDU,Village Panchayat,WEST DISTRICT,,121056,5,Lower Khandu,,
254824,SANGKHU RADUKHANDU,Village Panchayat,WEST DISTRICT,,121057,6,Upper Radhu,,
254824,SANGKHU RADUKHANDU,Village Panchayat,WEST DISTRICT,,121059,7,Lower Radhu,,
254825,SARDUNG LUNGZIK,Village Panchayat,WEST DISTRICT,,121017,1,Upper Sardung,,
254825,SARDUNG LUNGZIK,Village Panchayat,WEST DISTRICT,,121018,2,Lower Sardung,,
254825,SARDUNG LUNGZIK,Village Panchayat,WEST DISTRICT,,121019,3,Sardung,,
254825,SARDUNG LUNGZIK,Village Panchayat,WEST DISTRICT,,121020,4,Upper Lungzik,,
254825,SARDUNG LUNGZIK,Village Panchayat,WEST DISTRICT,,121021,5,Middle Lungzik,,
254825,SARDUNG LUNGZIK,Village Panchayat,WEST DISTRICT,,121022,6,Lower Lungzik,,
254828,SIKTAM TIKPUR,Village Panchayat,WEST DISTRICT,,121301,1,Upper Siktam,,
254828,SIKTAM TIKPUR,Village Panchayat,WEST DISTRICT,,121303,2,Lower Siktam,,
254828,SIKTAM TIKPUR,Village Panchayat,WEST DISTRICT,,121304,3,Lower Tikpur,,
254828,SIKTAM TIKPUR,Village Panchayat,WEST DISTRICT,,121305,4,Orange Village,,
254828,SIKTAM TIKPUR,Village Panchayat,WEST DISTRICT,,121306,5,Middle Tikpur,,
254828,SIKTAM TIKPUR,Village Panchayat,WEST DISTRICT,,121307,6,Upper Sapreynagi,,
254828,SIKTAM TIKPUR,Village Panchayat,WEST DISTRICT,,1281560,7,Lower Sapreynagi,,
254831,SINGLING,Village Panchayat,WEST DISTRICT,,121246,1,Singling Gumpadara,,
254831,SINGLING,Village Panchayat,WEST DISTRICT,,121247,2,Singling Ogeng,,
254831,SINGLING,Village Panchayat,WEST DISTRICT,,121248,3,Singling,,
254831,SINGLING,Village Panchayat,WEST DISTRICT,,121249,4,Khundurkey,,
254831,SINGLING,Village Panchayat,WEST DISTRICT,,121250,5,Singling Phucheybong,,
254832,SINGYANG CHUMBUNG,Village Panchayat,WEST DISTRICT,,120989,1,Naku Pelling,,
254832,SINGYANG CHUMBUNG,Village Panchayat,WEST DISTRICT,,120990,2,Naku,Pemayangtse Gumpa,
254832,SINGYANG CHUMBUNG,Village Panchayat,WEST DISTRICT,,120991,3,Singyang,,
254832,SINGYANG CHUMBUNG,Village Panchayat,WEST DISTRICT,,120992,4,Sindrang,,
254832,SINGYANG CHUMBUNG,Village Panchayat,WEST DISTRICT,,120993,5,Upper Chumbung,,
254832,SINGYANG CHUMBUNG,Village Panchayat,WEST DISTRICT,,120994,6,Lower Chumbung,,
276338,SOPAKHA,Village Panchayat,WEST DISTRICT,,1281542,1,Lingay Kunabari,,
276338,SOPAKHA,Village Panchayat,WEST DISTRICT,,1281543,2,Sopakha,,
276338,SOPAKHA,Village Panchayat,WEST DISTRICT,,1281544,3,Daray Gaon,,
276338,SOPAKHA,Village Panchayat,WEST DISTRICT,,1281545,4,Majbari Dara,,
276338,SOPAKHA,Village Panchayat,WEST DISTRICT,,1281546,5,Kumuk Sepi,,
254834,SORENG,Village Panchayat,WEST DISTRICT,,121239,1,SDM Coloney,pragati chowk,
254834,SORENG,Village Panchayat,WEST DISTRICT,,121240,2,Soreng Bazar,,
254834,SORENG,Village Panchayat,WEST DISTRICT,,121241,3,Soreng Daragoan,,
254834,SORENG,Village Panchayat,WEST DISTRICT,,121242,4,Hiti dhara -Bhulkey Pani,,
254834,SORENG,Village Panchayat,WEST DISTRICT,,121243,5,Khopi Kharka pegagoan,,
254838,SULDUNG KAMLING,Village Panchayat,WEST DISTRICT,,121139,1,Reshi,,
254838,SULDUNG KAMLING,Village Panchayat,WEST DISTRICT,,121140,2,Tinzerbong,,
254838,SULDUNG KAMLING,Village Panchayat,WEST DISTRICT,,121141,3,Upper Suldung,,
254838,SULDUNG KAMLING,Village Panchayat,WEST DISTRICT,,121143,4,Lower Suldung,,
254838,SULDUNG KAMLING,Village Panchayat,WEST DISTRICT,,121145,5,Upper Kamling,,
254838,SULDUNG KAMLING,Village Panchayat,WEST DISTRICT,,1281978,6,Lower Kamling,,
254841,TADONG RINCHENPONG,Village Panchayat,WEST DISTRICT,,121094,1,Tadong Kaluk,,
254841,TADONG RINCHENPONG,Village Panchayat,WEST DISTRICT,,121101,2,Tadong Jaubari,,
254841,TADONG RINCHENPONG,Village Panchayat,WEST DISTRICT,,121103,3,Lower Tadong,,
254841,TADONG RINCHENPONG,Village Panchayat,WEST DISTRICT,,121105,4,Lower Rinchenpong,,
254841,TADONG RINCHENPONG,Village Panchayat,WEST DISTRICT,,121106,5,Upper Rinchenpong,Rinchenpong Gumpa,
254842,TAKOTHANG,Village Panchayat,WEST DISTRICT,,121129,1,Takothang,Lhuntse Gumpa,
254842,TAKOTHANG,Village Panchayat,WEST DISTRICT,,121131,2,Mangalbarey Bazzar,,
254842,TAKOTHANG,Village Panchayat,WEST DISTRICT,,121133,3,Songri,,
254842,TAKOTHANG,Village Panchayat,WEST DISTRICT,,121136,4,Chuchen,,
254842,TAKOTHANG,Village Panchayat,WEST DISTRICT,,121137,5,Mangbir,,
254845,TASHIDING,Village Panchayat,WEST DISTRICT,,120947,1,Upper Gangyap,,
254845,TASHIDING,Village Panchayat,WEST DISTRICT,,120948,2,Lower Gangyap,,
254845,TASHIDING,Village Panchayat,WEST DISTRICT,,120949,3,Thangchung,,
254845,TASHIDING,Village Panchayat,WEST DISTRICT,,120950,4,Lasso,,
254845,TASHIDING,Village Panchayat,WEST DISTRICT,,120951,5,Limbang,,
254845,TASHIDING,Village Panchayat,WEST DISTRICT,,120952,6,Pewthang,,
254845,TASHIDING,Village Panchayat,WEST DISTRICT,,1281480,7,Tashiding,Tashiding Chogyal Lhakhang,
254845,TASHIDING,Village Panchayat,WEST DISTRICT,,1281481,8,Nerdang,,
254849,THARPU,Village Panchayat,WEST DISTRICT,,121256,1,Raigaon,,
254849,THARPU,Village Panchayat,WEST DISTRICT,,121257,2,Tharpu School,,
254849,THARPU,Village Panchayat,WEST DISTRICT,,121258,3,Ratimatey,,
254849,THARPU,Village Panchayat,WEST DISTRICT,,121259,4,Kolbotey,,
254849,THARPU,Village Panchayat,WEST DISTRICT,,121260,5,Gairigaon,,
254851,THINGLING KHACHEOPERI,Village Panchayat,WEST DISTRICT,,120970,1,Thingling I,,
254851,THINGLING KHACHEOPERI,Village Panchayat,WEST DISTRICT,,120971,2,Thingling II,,
254851,THINGLING KHACHEOPERI,Village Panchayat,WEST DISTRICT,,120972,3,Thingling III,,
254851,THINGLING KHACHEOPERI,Village Panchayat,WEST DISTRICT,,120973,4,Tsozo,,
254851,THINGLING KHACHEOPERI,Village Panchayat,WEST DISTRICT,,120974,5,Khacheoperi,Khacheoperi Gumpa,
254852,TIMBURBONG,Village Panchayat,WEST DISTRICT,,121251,1,Bahungaon Gairigaon,,
254852,TIMBURBONG,Village Panchayat,WEST DISTRICT,,121252,2,Daragaon Teendhurey,,
254852,TIMBURBONG,Village Panchayat,WEST DISTRICT,,121253,3,Arubotey Tarbari,,
254852,TIMBURBONG,Village Panchayat,WEST DISTRICT,,121254,4,Chisopani,,
254852,TIMBURBONG,Village Panchayat,WEST DISTRICT,,121255,5,Ridang,,
254863,UPPER THAMBONG,Village Panchayat,WEST DISTRICT,,121278,1,Fambong Mathilo Tar,,
254863,UPPER THAMBONG,Village Panchayat,WEST DISTRICT,,121280,2,Sombaria,,
254863,UPPER THAMBONG,Village Panchayat,WEST DISTRICT,,121282,3,Choktey Gaon,,
254863,UPPER THAMBONG,Village Panchayat,WEST DISTRICT,,121284,4,Anden Park,,
254863,UPPER THAMBONG,Village Panchayat,WEST DISTRICT,,121285,5,Hattavan,Anden Wolung Gumpa,
254863,UPPER THAMBONG,Village Panchayat,WEST DISTRICT,,121287,6,Ronglyng,,
254867,YANGTEN,Village Panchayat,WEST DISTRICT,,120995,1,Upper Yangten,,
254867,YANGTEN,Village Panchayat,WEST DISTRICT,,120996,2,Lower Yangten,,
254867,YANGTEN,Village Panchayat,WEST DISTRICT,,120997,3,Upper Unglok,,
254867,YANGTEN,Village Panchayat,WEST DISTRICT,,120998,4,Lower Unglok,,
254867,YANGTEN,Village Panchayat,WEST DISTRICT,,120999,5,Upper Bhaluthang,,
254867,YANGTEN,Village Panchayat,WEST DISTRICT,,121000,6,Lower Bhaluthang,,
254868,YANGTHANG,Village Panchayat,WEST DISTRICT,,121007,1,Chongjang,,
254868,YANGTHANG,Village Panchayat,WEST DISTRICT,,121008,2,Arigaon,,
254868,YANGTHANG,Village Panchayat,WEST DISTRICT,,121009,3,Toyang,,
254868,YANGTHANG,Village Panchayat,WEST DISTRICT,,121010,4,Langang,,
254868,YANGTHANG,Village Panchayat,WEST DISTRICT,,121011,5,Upper Yangthang,,
254868,YANGTHANG,Village Panchayat,WEST DISTRICT,,604667,6,Naya Busty,,
254868,YANGTHANG,Village Panchayat,WEST DISTRICT,,1281482,7,Gurthang,,
254868,YANGTHANG,Village Panchayat,WEST DISTRICT,,1281483,8,Lower Kyongsa,,
254869,YUKSOM,Village Panchayat,WEST DISTRICT,,120964,1,Tsokha Kyongtey,,
254869,YUKSOM,Village Panchayat,WEST DISTRICT,,120965,2,Yuksom,,
254869,YUKSOM,Village Panchayat,WEST DISTRICT,,120966,3,Ting Ting,,
254869,YUKSOM,Village Panchayat,WEST DISTRICT,,120967,4,Mangsabung,,
254869,YUKSOM,Village Panchayat,WEST DISTRICT,,120968,5,Gufadara Topsing,,
254869,YUKSOM,Village Panchayat,WEST DISTRICT,,120969,6,Dubdi,Dubdi Sangha Gumpa,
254870,ZOOM,Village Panchayat,WEST DISTRICT,,121225,1,Upper Zoom,,
254870,ZOOM,Village Panchayat,WEST DISTRICT,,121226,2,Namrek Sirubari,,
254870,ZOOM,Village Panchayat,WEST DISTRICT,,121227,3,Central Zoom,,
254870,ZOOM,Village Panchayat,WEST DISTRICT,,121228,4,Dhargaon,,
254870,ZOOM,Village Panchayat,WEST DISTRICT,,121229,5,Khaling Gaon,,
254870,ZOOM,Village Panchayat,WEST DISTRICT,,121230,6,Sampang Gaon,,

